-- phpMyAdmin SQL Dump
-- version 4.8.3
-- https://www.phpmyadmin.net/
--
-- Host: 127.0.0.1
-- Generation Time: Dec 09, 2020 at 04:39 AM
-- Server version: 10.1.36-MariaDB
-- PHP Version: 7.2.11

SET SQL_MODE = "NO_AUTO_VALUE_ON_ZERO";
SET AUTOCOMMIT = 0;
START TRANSACTION;
SET time_zone = "+00:00";


/*!40101 SET @OLD_CHARACTER_SET_CLIENT=@@CHARACTER_SET_CLIENT */;
/*!40101 SET @OLD_CHARACTER_SET_RESULTS=@@CHARACTER_SET_RESULTS */;
/*!40101 SET @OLD_COLLATION_CONNECTION=@@COLLATION_CONNECTION */;
/*!40101 SET NAMES utf8mb4 */;

--
-- Database: `thitracnghiem`
--

-- --------------------------------------------------------

--
-- Table structure for table `cauhoi`
--

CREATE TABLE `cauhoi` (
  `ID` int(11) NOT NULL,
  `NoiDung` text COLLATE utf8_unicode_ci,
  `DoKho` int(5) DEFAULT NULL,
  `IDMH` int(11) DEFAULT NULL,
  `NhomCH` varchar(70) COLLATE utf8_unicode_ci DEFAULT NULL
) ENGINE=InnoDB DEFAULT CHARSET=utf8 COLLATE=utf8_unicode_ci;

--
-- Dumping data for table `cauhoi`
--

INSERT INTO `cauhoi` (`ID`, `NoiDung`, `DoKho`, `IDMH`, `NhomCH`) VALUES
(64, 'Dẫn 8,96 lít CO2(ở đktc) vào 600 ml dung dịch Ca(OH)2 0,5M. Phản ứng kết thúc thu được m gam kết tủa. Giá trị của m là :', 1, 4, 'Cacbon – Silic'),
(65, 'Có 4 dung dịch đựng trong 4 lọ hóa chất mất nhãn là (NH4)2SO4, K2SO4, NH4NO3, KOH, để nhận biết 4 dung dịch trên,cần dùng gì.', 1, 4, '\nPhân biệt - nhận biết'),
(66, 'Hợp chất nào sau đây tác dụng được với vàng kim loại ?', 1, 4, 'Phân biệt - nhận biết'),
(67, 'Điện phân 200 ml dung dịch muối CuSO4 trong thời gian, thấy khối lượng dung dịch giảm 8 gam. Dung dịch sau điện phân cho tác dụng với dd H2S dư thu được 9,6g kết tủa đen. Nồng độ mol của dung dịch CuSO4 ban đầu là :', 1, 4, '\n\n\nTổng hợp hóa hữu cơ / Vô cơ'),
(68, 'Cho khí CO dư đi qua hỗn hợp gồm CuO, Al2O3, MgO (nung nóng). Khi phản ứng xảy ra hoàn toàn thu được chất rắn gồm .', 1, 4, 'Cacbon – Silic'),
(69, 'Điện phân hoàn toàn 200ml dung dịch AgNO3 với 2 điện cực trơ thu được một dung dịch có pH=2. Xem thể tích dung dịch thay đổi không đáng kể thì lượng Ag bám ở catot là :', 2, 4, '\n\nSự điện li'),
(70, 'Có các dung dịch Al(NO3)3, NaNO3, Mg(NO3)2, H2SO4. Thuốc thử để phân biệt các dung dịch đó là :', 3, 4, 'Phân biệt - nhận biết'),
(71, 'Nguyên liệu chính dùng để sản xuất nhôm là :', 1, 4, 'Phân biệt - nhận biết'),
(72, 'Các nguyên tử thuộc nhóm IIA có cấu hình electron lớp ngoài cùng là :', 1, 4, 'Đại cương kim loại '),
(73, 'Cho 8,40 gam sắt vào 300 ml dung dịch AgNO3 1,3 M. Lắc kĩ cho phản ứng xảy ra hoàn toàn thu được m gam chất rắn. Giá trị của m là :', 3, 4, '\nSắt Crom – Hợp chất của nó'),
(74, 'Cho dãy chuyển hoá sau: FE + X → FECL3 + Y → FECL2 + Z →FE(NO3)3 . X, Y, Z lần lượt là :', 1, 4, '\nSắt Crom – Hợp chất của nó'),
(75, 'Chỉ dùng một thuốc thử duy nhất nào sau đây để phân biệt hai khí SO2 và CO2 ?', 1, 4, '\nPhân biệt - nhận biết'),
(76, 'Hỗn hợp X gồm Fe và Cu, trong đó Cu chiếm 43,24% khối lượng. Cho 14,8 gam X tác dụng hết với dung dịch HCl thấy có V lít khí (đktc) bay ra. Giá trị của V là :', 1, 4, '\n\nSắt Crom – Hợp chất của nó'),
(77, 'Có 5 lọ đựng riêng biệt các khí sau: N2, NH3, Cl2, CO2, O2. Để xác định lọ đựng khí NH3 và Cl2 chỉ cần dùng thuốc thử duy nhất là :', 3, 4, 'Phân biệt - nhận biết'),
(78, 'Cho dung dịch NaOH (dư) vào dung dịch chứa hỗn hợp FeCl2 và CrCl3, thu được kết tủa X. Nung X trong không khí đến khối lượng không đổi thu được chất rắn Y. Vậy Y là :', 3, 4, '\n\nSắt Crom – Hợp chất của nó'),
(79, 'Hoà tan 5,6 gam Fe bằng dung dịch HNO3 loãng (dư), sinh ra V lít khí NO (sản phẩm khử duy nhất, ở đktc). Giá trị của V là :', 3, 4, '\nSắt Crom – Hợp chất của nó'),
(80, 'Hai kim loại đều phản ứng với dung dịch Cu(NO3)2 giải phóng kim loại Cu là :', 1, 4, '\nĐại cương kim loại '),
(81, 'Cấu hình electron nào dưới đây được viết đúng ?', 1, 4, 'Phân biệt - nhận biết'),
(82, 'Cho các kim loại: Ni, Fe, Cu, Zn, số kim loại tác dụng với dung dịch Pb(NO3)2 là :', 2, 4, 'Đại cương kim loại '),
(83, 'Cho các hợp kim sau: Cu-Fe (I), Zn-Fe (II), Fe-C (III), Sn-Fe (IV). Khi tiếp xúc với dung dịch chất điện li thì các hợp kim mà trong đó Fe đều bị ăn mòn trước là :', 2, 4, '\n\nSự điện li'),
(84, 'Dung dịch chất nào sau đây làm quì tím hóa xanh ?', 1, 4, 'Phân biệt - nhận biết'),
(85, 'Cho các hợp kim sau: Al –Zn (1), Fe –Zn (2), Zn –Cu (3), Mg –Zn (4). Khi tiếp xúc với dung dịch axit H2SO4 loãng thì các hợp kim mà trong đó Zn bị ăn mòn điện hóa học là :', 3, 4, '\n\nĐại cương kim loại '),
(86, 'Một loại nước cứng khi đun sôi thì mất tính cứng. Trong loại nước cứng này có hòa tan những chất nào sau đây ?', 1, 4, '\nPhân biệt - nhận biết'),
(87, 'Có các thí nghiệm sau :\r\n(a) Cho kim loại Na vào dung dịch CuSO4;\r\n(b) Sục CO2 đến dư vào dung dịch Ca(OH)2; \r\n(c) Cho từ từ dung dịch NaOH đến dư vào dung dịch Al2(SO4)3; \r\n(d) Cho từ từ dung dịch NaOH đến dư vào dung dịch FeCl3; \r\nSau khi kết thúc các phản ứng, số thí nghiệm thu được kết tủa là :                                                                                              ', 3, 4, '\n\n\n\n\nPhân biệt - nhận biết'),
(88, 'Chất không có khả năng hòa tan được Cu(OH)2 là :', 1, 4, 'Phân biệt - nhận biết'),
(89, 'Tripeptit là hợp chất mà phân tử có .', 1, 4, 'Amin - Aminoaxit - Peptit - Protein'),
(90, 'Trong hạt nhân nguyên tử, hạt mang điện là :', 1, 4, 'Tổng hợp hóa hữu cơ / Vô cơ'),
(91, 'Xenlulozơ có cấu tạo mạch không phân nhánh, mỗi gốc C6H10O5 có 3 nhóm -OH, nên có thể viết .', 2, 4, '\nCacbonhidrat'),
(92, 'Polime được điều chế bằng phản ứng trùng ngưng là :', 1, 4, 'Polime'),
(93, 'Xà phòng hóa hoàn toàn 2,96 gam HCOOC2H5 bằng một lượng dung dịch KOH vừa đủ. Cô cạn dung dịch sau phản ứng, thu được m gam muối khan. Giá trị của m là :', 3, 4, '\n\nCacbonhidrat'),
(94, 'Đốt cháy hoàn toàn 8,96 lít (đktc) hỗn hợp M gồm 2 anken đồng đẳng liên tiếp X, Y (MX< MY) rồi dẫn toàn bộ sản phẩm cháy lần lượt qua bình I đựng P2O5 dư và bình II đựng dung dịch Ca(OH)2 dư thấy khối lượng bình I tăng m gam và khối lượng bình II tăng (m + 39) gam. Phần trăm thể tích anken Y trong M là :', 3, 4, '\n\n\n\nTổng hợp hóa hữu cơ / Vô cơ'),
(95, 'Hòa tan hoàn toàn 3,92 gam hỗn hợp X gồm Al, Na và Al2O3vào nước (dư) thuđược dung dịch Y và khí H2. Cho 0,06 mol HCl vào X thì thu được m gam kết tủa. Nếu cho 0,13 mol HCl vào X thì thu được (m – 0,78) gam kết tủa. Phần trăm khối lượng Na có trong X là :\n', 3, 4, '\n\n\n\nTổng hợp hóa hữu cơ / Vô cơ'),
(96, 'Cho từ từ đến dư dung dịch Ba(OH)2 vào các dung dịch sau:(1) Dung dịch NaHCO3. (2) Dung dịch Ca(HCO3)2. (3) Dung dịch MgCl2.(4) Dung dịch Na2SO4. (5) Dung dịch Al2(SO4)3. (6) Dung dịch FeCl3.(7) Dung dịch ZnCl2. (8) Dung dịch NH4HCO3 .Sau khi kết thúc các phản ứng, số trường hợp thu được kết tủa là :', 3, 4, '\n\n\n\nPhân biệt - nhận biết'),
(97, 'Cho 50,0 gam hỗn hợp X gồm Fe3O4 và Cu vào dung dịch HCl dư. Kết thúc phản ứng còn lại 20,4 gam chất rắn không tan. Phần trăm khối lượng của Cu trong hỗn hợp X là :', 3, 4, '\n\nTổng hợp hóa hữu cơ / Vô cơ'),
(98, 'Hỗn hợp X gồm C3H8, C2H4(OH)2 và một số ancol no, đơn chức, mạch hở (C3H8và C2H4(OH)2 có số mol bằng nhau). Đốt cháy hoàn toàn 5,444 gam X rồi hấp thụ toàn bộ sản phẩm cháy vào dung dịch Ba(OH)2 dư thấy khối lượng bình tăng lên 16,58 gam và xuất hiện m gam kết tủa. Giá trị của m là :', 3, 4, '\n\n\n\nAncol – Phenol'),
(99, 'Hòa tan hết 27,2 gam hỗn hợp rắn X gồm Fe3O4, Fe2O3 và Cu trong dung dịch chứa 0,9 mol HCl (dùng dư), thu được dung dịch Y có chứa 13,0 gam FeCl3. Tiến hành điện phân dung dịch Y bằng điện cực trơ đến khi ở catot bắt đầu có khí thoát ra thì dừng điện phân, thấy khối lượng dung dịch giảm 13,64 gam. Cho dung dịch AgNO3 dư vào dung dịch sau điện phân, kết thúc phản ứng thấy khí NO thoát ra (sản phẩm khử duy nhất), đồng thời thu được m gam kết tủa. Giá trị của m gần nhất với giá trị nào sau đây ?', 2, 4, '\n\n\n\n\n\n\nSự điện li'),
(100, 'Hỗn hợp E gồm este X đơn chức và axit cacboxylic Y hai chức (đều mạch hở, không no có một liên kết đôi C=C trong phân tử).Đốt cháy hoàn toàn một lượng E thu được 0,43 mol khí CO2 và 0,32 mol hơi nước. Mặt khác, thủy phân 46,6 gam E bằng 200 gam dung dịch NaOH 12% rồi cô cạn dung dịch thu được phần hơi Z có chứa chất hữu cơ T.Dẫn toàn bộ Z vào bình đựng Na, sau phản ứng khối lương bình tăng 188,85 gam đồng thời thoát ra 6,16 lít khí H2 (đktc).Biết tỉ khối của T so với H2 là 16. Phần trăm khối lượng của Y trong hỗn hợp E có giá trị :', 4, 4, '\n\n\n\n\n\n\nAndehit – Axit Cacbonxylic'),
(101, 'Thuỷ phân hoàn toàn m gam tetrapeptit X mạch hở thu được hỗn hợp Y gồm 2 amino axit (no, phân tử chứa 1 nhóm -COOH, 1 nhóm -NH2) là đồng đẳng kế tiếp. Đốt cháy hoàn toàn hỗn hợp Y cần vừa đủ 58,8 lít không khí (chứa 20% O2 về thể tích, còn lại là N2) thu được CO2, H2O và 49,28 lít N2(các khí đo ở đktc).Số công thức cấu tạo thoả mãn của X :', 3, 4, '\n\n\n\nAmin - Aminoaxit - Peptit - Protein'),
(102, 'Hỗn hợp X gồm glixerol, metan, ancol etylic và axit no, đơn chức mạch hở Y, trong đó số mol metan gấp hai lần số mol glixerol. Đốt cháy hết m gam X cần 6,832 lít O2 (đktc), thu được 6,944 lít CO2 (đktc).Nếu cho m gam hỗn hợp X tác dụng với 80ml dd NaOH 2.5M cô cạn dd thu được a gam chất rắn. Giá trị của a :', 3, 4, '\n\n\n\nĐại cương hóa hữa cơ – Hidrocacbon'),
(103, 'Hỗn hợp X gồm Al, Al2O3, Fe và các oxit của sắt trong đó O chiếm 18,49% về khối lượng. Hòa tan hết 12,98 gam X cần vừa đủ 627,5 ml dung dịch HNO3 1M thu được dung dịch Y và 0,448 lít hỗn hợp Z (đktc) gồm NO và N2 có tỉ lệ mol tương ứng là 1:1. Làm bay hơi dung dịch Y thu được m gam muối. Giá trị của m là :', 3, 4, '\n\n\n\nTổng hợp hóa hữu cơ / Vô cơ'),
(104, 'Dung dịch chất nào sau đây hòa tan được Al(OH)3?', 1, 4, 'Phân biệt - nhận biết'),
(105, 'Crom tác dụng với lưu huỳnh (đun nóng), thu được sản phẩm là', 1, 4, 'Sắt Crom – Hợp chất của nó                                          '),
(106, 'Dung dịch nào sau đây không làm đổi màu quỳ tím?', 1, 4, 'Phân biệt - nhận biết'),
(107, 'Tơ nào sau đây thuộc loại tơ nhân tạo?', 1, 4, 'Phân biệt - nhận biết'),
(108, 'Hiện nay, nhiều nơi ở nông thôn đang sử dụng hầm biogas để xử lí chất thải trong chăn nuôi gia súc, cung cấp nhiên liệu cho việc đun nấu. Chất dễ cháy trong khí biogas là\n', 3, 4, 'Phân biệt - nhận biết'),
(109, 'Chất nào sau đây được dùng để khử chua đất trong nông nghiệp?', 1, 4, 'Phân biệt - nhận biết'),
(110, 'Công thức của axit oleic là', 4, 4, 'Andehit – Axit Cacbonxylic'),
(111, 'Kim loại nào sau đây điều chế được bằng phương pháp thủy luyện?', 1, 4, 'Phân biệt - nhận biết'),
(112, 'Kim loại nào sau đây không tan được trong dung dịch HCl?', 1, 4, 'Đại cương kim loại '),
(113, 'Kim loại nào sau đây tan trong nước ở điều kiện thường?', 1, 4, 'Đại cương kim loại'),
(114, 'Công thức hóa học của sắt(III) clorua là', 1, 4, 'Sắt Crom – Hợp chất của nó                                          '),
(115, 'Chất nào sau đây thuộc loại polisaccarit?', 2, 4, 'Amin - Aminoaxit - Peptit – Protein   '),
(116, 'Phát biểu nào sau đây đúng?', 1, 4, 'Phân biệt - nhận biết'),
(117, 'Phát biểu nào sau đây đúng?', 1, 4, 'Phân biệt - nhận biết'),
(118, 'Thí nghiệm nào sau đây có xảy ra ăn mòn điện hóa học?', 1, 4, 'Phân biệt - nhận biết'),
(119, 'Đốt cháy hoàn toàn m gam Al trong khí O2 dư, thu được 10,2 gam Al2O3. Giá trị của m là :', 1, 4, 'Kim loại kiềm – kiềm thổ - nhôm'),
(120, 'Cặp dung dịch chất nào sau đây phản ứng với nhau tạo ra chất khí?', 1, 4, 'Phân biệt - nhận biết'),
(121, 'Tinh thể chất rắn X không màu, vị ngọt, dễ tan trong nước.\n X có nhiều trong mật ong nên làm cho mật ong có vị ngọt sắc. Trong công nghiệp, X được điều chế băng phản ứng thủy phân chất Y Tên gọi của X và Y lần lượt là', 3, 4, 'Phân biệt - nhận biết'),
(122, 'Este nào sau đây tác dụng với dung dịch NaOH thu được natri axetat?', 1, 4, 'Este – Lipit'),
(123, 'Cho 7,5 gam amino axit X (công thức có dạng H2NCnH2nCOOH) tác dụng hết với dung dịch HCl dư, thu được 11,15 gam muối. Số nguyên tử hiđro trong phân tử X là :', 3, 4, 'Amin - Aminoaxit - Peptit – Protein'),
(124, 'Cho 2 ml chất lỏng X vào ống nghiệm khô có sẵn vài viên đá bọt,\n sau đó thêm từng giọt dung dịch H2SO4 đặc, lắc đều. Đun nóng hỗn hợp, sinh ra hiđrocacbon làm nhạt màu dung dịch KMnO4. Chất X là', 2, 4, 'Đại cương hóa hữa cơ – Hidrocacbon'),
(125, 'Đun nóng 100 ml dung dịch glucoza a (mol) với lượng dư dung dịch AgNO3 trong NH3.\n Sau khi phản ứng xảy ra hoàn toàn, thu được 21,6 gam Ag. Giá trị của a là', 3, 4, 'Tổng hợp hóa hữu cơ / Vô cơ  '),
(126, 'Cho m gam Fe tác dụng hết với dung dịch CuSO4 dư, thu được 19,2 gam Cu. Giá trị của m là\n', 1, 4, 'Đại cương kim loại '),
(127, 'Thí nghiệm nào sau đây thu được muối sắt(III) sau khi kết thúc phản ứng?', 1, 4, 'Đại cương kim loại '),
(128, 'Thực hiện các thí nghiệm sau: (1) Sục khí CO2 vào dung dịch NaOH dư (2) Cho kim loại Cu vào dung dịch FeCl dư (3) Cho dung dịch HCl vào dung dịch NaAlO2 dư. (4) Cho dung dịch Fe(NO3)2 vào dung dịch AgNO3 dư. (5) Cho dung dịch NaHCO3 vào dung dịch Ca(OH)2. Sau khi các phản ứng kết thúc, số thí nghiệm thu được kết tủa là :', 3, 4, 'Phân biệt - nhận biết'),
(129, 'Cho sơ đồ các phản ứng theo đúng tỉ lệ mol: \r\n(1) X + 4AgNO3 + 6NH3 + 2H2O → X  + 4Ag + 4NH4NO3 \r\n(2) X1  + 2NaOH  →  X2  + 2NH3  + 2H2O \r\n(3) X2  + 2HCl  →  X3  + 2NaCl .\r\nBiết X là hợp chất hữu cơ no, mạch hở, chỉ chứa một loại nhóm chức. Khi đốt cháy hoàn phẩm thu được chi gồm CO2 và Na2CO3. Phân tử khối của X là :', 3, 4, 'Tổng hợp hóa hữu cơ / Vô cơ                          '),
(130, 'Hòa tan hoàn toàn m gam hỗn hợp gồm Na2O và Al2O3 (tỉ lệ mol tương ứng là 4:3) vào nước, thu được dung dịch X. Cho từ từ dung dịch 300 ml HCl 1M vào X thu được a gam kết tủa , tương tự với 600 ml thu được a +2,6 gam kết tủa . Giá trị của a và m lần lượt là :', 3, 4, 'Tổng hợp hóa hữu cơ / Vô cơ                          '),
(131, 'Nung nóng 0,1 mol C4H10 có xúc tác thích hợp, thu được hỗn hợp X gồm: H2, CH4, C2H4,C2H6, C3H6, C4H8 và C4H10. Dẫn X qua bình đựng dung dịch Br2 dư, sau khi phản ứng hoàn toàn khối lượng bình tăng 3,64 gam và có hỗn hợp khí Y thoát ra. Đốt cháy hoàn toàn Y cần vừa đủ V lít khí O2. Giá trị của V là', 3, 4, 'Tổng hợp hóa hữu cơ / Vô cơ                          '),
(132, 'Đốt cháy hoàn toàn 17,16 gam triglixerit X, thu được H2O và 1,1 mol CO2.Cho 17,16 gam X tác dụng với dung dịch NaOH vừa đủ, thu được glixerol và m gam muối. Mặt khác, 17,16 gam X tác dụng được tối đa với 0,04 mol Br2 trong dung dịch. Giá trị của m là :\r\n', 4, 4, 'Amin - Aminoaxit - Peptit – Protein   '),
(133, 'Cho sơ đồ các phản ứng sau : \r\n(1) X1 + H2O ->  X2 + X3 + H2O \r\n(2) X2  + X4  ->  BaCO3  + K2CO3  + H2O \r\n(3) X2  + X3 ->  X1  + X5  + H2O \r\n(4) X4  + X6  ->  BaSO4  + K2SO4  + CO2  + H2O. \r\nCác chất X5, X6 thỏa mãn sơ đồ trên lần lượt là :', 3, 4, 'Phân biệt - nhận biết'),
(134, 'Dẫn 0,02 mol hỗn hợp X (gồm hơi nước và khí CO2) qua cacbon nung đỏ, thu được 0,035 mol hỗn hợp Y gồm CO, H2 và CO2. Cho Y đi qua ống đựng 10 gam hỗn hợp gồm Fe2O3 và CuO (dư, nung nóng), sau khi các phản ứng xảy ra hoàn toàn, thu được m gam chất rắn. Giá trị của m là', 3, 4, 'Tổng hợp hóa hữu cơ / Vô cơ  '),
(135, 'Cho các phát biểu sau: \r\n(1) Mỡ lợn hoặc dầu dừa có thể dùng làm nguyên liệu để sản xuất xà phòng \r\n(2) Nước ép của quả nho chín có khả năng tham gia phản ứng trắng bạc, \r\n(3) Trong tơ tằm có các gốc a-amino axit. \r\n(4) Cao su lưu hóa có tính đàn hồi, lâu mòn và khó tan hơn cao su thường\r\n(5) Một số este có mùi thơm được dùng làm chất tạo hương cho thực phẩm và mỹ phẩm. \r\nSố phát biểu đúng là :', 3, 4, 'Phân biệt - nhận biết'),
(136, 'Hòa tan hoàn toàn m gam hỗn hợp CuSO4 và n (mol) NaCl vào nước, thu được dung dịch X. Tiến hành điện phân X với các điện cực trơ, màng ngăn xốp, dòng điện có cường độ không đổi. Tổng số mol khỉ thu được trên cả hai điện cực (n) phụ thuộc vào thời gian điện phân (t) , biết n = 0.010 tại thời điểm t = a , n = 0.045 tại thời điểm t = 6a .Giả thiết hiệu suất điện phân là 100%, bỏ qua sự bay hơi của nước.Tìm m :', 3, 4, 'Tổng hợp hóa hữu cơ / Vô cơ  '),
(137, 'Chất X (CnH2n + 4O4N2) là muối amoni của axit cacboxylic đa chức; chất Y (CmH2m + 4O2N2) là muối amoni của một amino axit.Cho m gam E gồm X và Y (có tỉ lệ số mol tương ứng là 7 : 3) tác dụng hết với lượng dư dung dịch NaOH đun nóng, thu được 0,17 mol etylamin và 15,09 gam hỗn hợp muối. Phần trăm khối lượng của X trong E có giá trị gần nhất với giá trị nào sau đây?\n', 4, 4, 'Andehit – Axit Cacbonxylic'),
(138, 'Tiến hành thí nghiện theo các bước sau: Bước 1: Cho vào hai ống nghiệm mỏi ống 2 ml etyl axetat. Bước 2: Thêm 2 ml dung dịch H2SO4 20% vào ống thứ nhất; 4 ml dung dịch NaOH 30% vào ống thứ hai. Bước 3: Lắc đều cả hai ông nghiện, lập ông sinh hàn, đun sôi nhẹ trong khoảng 5 phút, để nguội. Cho các phát biểu sau: (1) Sau bước 2, chất lỏng trong cả hai ống nghiện đều phân thành hai lớp. (2) Sau bước 3, chất lỏng trong cả hai ống nghiệm đều đồng nhất. (3) Sau bước 3, ở hai ống nghiệp đều thu được sản phẩm giống nhau. (4) Ở bước 3, có thể thay việc đun sôi nhẹ bằng đun cách thủy (ngâm trong nước nóng). (5) Ống sinh hàn có tác dụng hạn chế sự thất thoát của các chất lỏng trong ống nghiệm. Số phát biểu đúng là :', 3, 4, 'Phân biệt - nhận biết'),
(139, 'Hòa tan hết 23,18 gam hỗn hợp X gồm Fe, Mg và Fe(NO3)3 vào dung dịch chứa 0,92 mol HCl và 0,01 mol NaNO3, thu được dung dịch Y (chất tan chỉ có 46,95 gam hỗn hợp muối) và 2,92 gam hỗn hợp X gồm ba khí không màu (trong đó hai khi có số mol bằng nhau).Dung dịch Y phản ứng được tối đa với 0,91 mol KOH, thu được 29,18 gam kết tủa. Biết các phản ứng xảy ra hoàn toàn. Phần trăm thể tích của khí có phân tử khối lớn nhất trong 2 là\n', 3, 4, 'Tổng hợp hóa hữu cơ / Vô cơ  '),
(140, 'Hỗn hợp X gồm ba este mạch hở đều tạo bởi axit cacboxylic với ancol, trong đó hai este có cùng số nguyên tử cacbon trong phân tử.Xà phòng hóa hoàn toàn 7,76 gam X bằng dung dịch NaOH vừa đủ, thu được hỗn hợp Y gồm hai ancol đơn chức, kế tiếp trong dãy đồng đẳng và hỗn hợp Z gồm hai muối. Cho toàn bộ Y vào bình đựng kim loại Na dư, sau phản ứng có khí H2 thoát ra và khối lượng bình tăng 4 gam. Đốt cháy hoàn toàn Z cần vừa đủ 0,09 mol O2, thu được Na2CO3 và 4,96 gam hỗn hợp CO2 và H2O. Phần trăm khối lượng của este có phần tử khối nhỏ nhất trong X là\n', 3, 4, 'Este – Lipit'),
(141, 'Trong quá trình bảo quản, một mẫu muối FeSO4.7H2O (có khối lượng m gam) bị oxi hóa bởi oxi không khí tạo thành hỗn hợp X chứa các hợp chất của Fe(II) và Fe(III). Hòa tan toàn bộ X trong dung dịch loãng chứa 0,025 mol H2SO4, thu được 100 ml dung dịch Y. Tiến hành hai thí nghiệm với Y: Thí nghiệm 1: Cho lượng dư dung dịch BaCl2 vào 20 ml dung dịch Y, thu được 2,33 gam kết tủa. Thí nghiệm 2: Thêm dung dịch H2SO4 (loãng, đư) vảo 20 ml dung dịch Y, thu được dung dịch Z Nhỏ từ từ dung dịch KMnO4 0,1M vào Z đến khi phản ứng vừa đủ thì hết 8,6 ml. Giá trị của m và phần trăm số mol Fe(II) đã bị oxi hóa trong không khí lần lượt là :', 3, 4, 'Tổng hợp hóa hữu cơ / Vô cơ                          '),
(142, 'Hòa tan hết m gam hỗn hợp X gồm Fe, FeO, Fe2O3 và Fe3O4 vào dung dịch HCl dư, thu được 0,04 mol H2 và dung dịch chứa 36,42 gam hỗn hợp muối. Mặt khác, hòa tan hoàn toàn m gam X trong dung dịch chứa 0,625 mol H2SO4 (đặc) đun nóng, thu được dung dịch Y và a mol SO2 (sản phẩm khử duy nhất của S+6). Cho 450 ml dung dịch NaOH 1M vào Y, sau khi phản ứng kết thúc thu được 10,7 gam một chất kết tủa. Giá trị của a là', 3, 4, 'Tổng hợp hóa hữu cơ / Vô cơ                          '),
(143, 'Cho 7,34 gam hỗn hợp E gồm hai este mạch hở X và Y (đều tạo bởi axit cacboxylic và ancol; MX < MY < 150) tác dụng vừa đủ với dung dịch NaOH, thu được một ancol Z và 6,74 gam hỗn hợp muối T. Cho toàn bộ Z tác dụng với Na dư, thu được 1,12 lít khí H2. Đốt cháy hoàn toàn T, thu được H2O, Na2CO3 và 0,05 mol CO2. Phần trăm khối lượng của X trong E là :', 3, 4, 'Este – Lipit'),
(144, 'Chất nào sau đây thuộc loại polisaccarit?', 3, 4, 'Phân biệt - nhận biết'),
(145, 'Etylamin (C2H5NH2) tác dụng được với chất nào sau đây trong dung dịch', 1, 4, 'Amin - Aminoaxit - Peptit – Protein   '),
(146, 'Chất khí X gây ra hiệu ứng nhà kính và tham gia vào quá trình quang hợp của cây xanh tạo tinh bột. Chất X là', 1, 4, 'Phân biệt - nhận biết'),
(147, 'Tơ nào sau đây thuộc loại tơ tổng hợp?', 1, 4, 'Phân biệt - nhận biết'),
(148, 'Công thức của tristearin là', 1, 4, 'Amin - Aminoaxit - Peptit – Protein   '),
(149, 'Kim loại nào sau đây có tính khử mạnh nhất?', 1, 4, 'Đại cương kim loại '),
(150, 'Cho Cr tác dụng với dung dịch HCl, thu được chất nào sau đây?', 1, 4, 'Đại cương kim loại '),
(151, 'Dung dịch nào sau đây được dùng để xử lý lớp cặn CaCO3 bám vào ấm đun nước?\n', 1, 4, 'Phân biệt - nhận biết'),
(152, 'Chất nào sau đây có tính lưỡng tính?', 1, 4, 'Phân biệt - nhận biết'),
(153, 'Hợp chất Fe2(SO4)3 có tên gọi', 1, 4, 'Phân biệt - nhận biết'),
(154, 'Kim loại nào sau đây được điều chế bằng phương pháp điện phân nóng chảy?', 1, 4, 'Phân biệt - nhận biết'),
(155, 'Chất nào sau đây gọi là xút ăn da?', 1, 4, 'Phân biệt - nhận biết'),
(156, 'Đun nóng 25 gam dung dịch glucozơ nồng độ a% với lượng dư dung dịch AgNO3/NH3.  Sau khi phản ứng xảy ra hoàn toàn thu được 4,32 gam Ag. Giá trị của a là\n', 3, 4, 'Amin - Aminoaxit - Peptit – Protein   '),
(157, 'Nhiệt phân hoàn toàn 16,8 gam NaHCO3 thu được m gam Na2CO3.Giá trị của m là', 3, 4, 'Tổng hợp hóa hữu cơ / Vô cơ  '),
(158, 'Cặp dung dịch chất nào sau đây phản ứng với nhau tạo ra kết tủa?', 1, 4, 'Phân biệt - nhận biết'),
(159, 'Cho vào ống nghiệm 3 – 4 giọt dung dịch CuSO4 2% và 2 – 3 giọt dung dịch NaOH 10%. Tiếp tục nhỏ 2 – 3 giọt dung dịch chất X vào ống nghiệm, lắc nhẹ, thu được dung dịch màu xanh lam. Chất X không thể là', 3, 4, 'Phân biệt - nhận biết'),
(160, 'Cho 2,24 gam Fe tác dụng hết với dung dịch Cu(NO3)2 dư, thu được m gam kim loại Cu. Giá trị của m là\n', 4, 4, 'Đại cương kim loại '),
(161, 'Thí nghiệm nào sau đây có xảy ra ăn mòn điện hóa học?', 1, 4, 'Phân biệt - nhận biết'),
(162, 'Phát biểu nào sau đây đúng?', 1, 4, 'Phân biệt - nhận biết'),
(163, 'Cho 8,9 gam amino axit X (công thức có dạng H2N C. nH2nCOOH) tác dụng hết với dung dịch HCl dư, thu được 12,55 gam muối. Số nguyên tử hiđrô trong phân tử X là\n', 3, 4, 'Amin - Aminoaxit - Peptit – Protein'),
(164, 'Thí nghiệm nào sau đây thu được muối sắt (III) sau khi phản ứng kết thúc?', 1, 4, 'Phân biệt - nhận biết'),
(165, 'Phát biểu nào sau đây đúng?', 1, 4, 'Phân biệt - nhận biết'),
(166, 'Chất X là chất dinh dưỡng, được dùng làm thuốc tăng lực cho người già, trẻ nhỏ và người ốm. Trong công nghiệp, X được điều chế bằng cách thủy phân chất Y. Chất Y là nguyên liệu để làm bánh kẹo, nước giải khát. Tên gọi của X, Y lần lượt là :', 3, 4, 'Phân biệt - nhận biết'),
(167, 'Este nào sau đây tác dụng với dung dịch NaOH thu được natri fomat?', 1, 4, 'Este – Lipit'),
(168, 'Cho các phản ứng sau theo đúng tỉ lệ mol: \r\n(1) X →  Y + CO2 \r\n(2) Y + H2O →   Z \r\n(3) T + Z  →  R + X + H2O. \r\n(4) 2T + Z  →  Q + X + 2H2O. \r\nCác chất R, Q thỏa mãn sơ đồ trên lần lượt là :', 3, 4, 'Phân biệt - nhận biết'),
(169, 'Thực hiện các thí nghiệm sau: (1) Cho dung dịch KHSO4 vào dung dịch Ba(HCO3)2. \r\n(2) Cho dung dịch NH4Cl vào dung dịch NaOH đun nóng \r\n(3) Cho dung dịch NaHCO3 vào dung dịch CaCl2 đun nóng. \r\n(4) Cho dung dịch AlCl3 vào lượng dư dung dịch Ba(OH)2. \r\n(5) Cho kim loại Na vào dung dịch CuCl2. \r\nSau khi các phản ứng kết thúc, số thí nghiệm sinh ra chất khí là :', 3, 4, 'Phân biệt - nhận biết'),
(170, 'Đốt cháy hoàn toàn 25,74 gam triglixerit X, thu được CO2 và 1,53 mol H2O. Cho 25,74 gam X tác dụng với dung dịch NaOH vừa đủ, thu được glyxerol và m gam muối. Mặt khác, 25,74 gam X tác dụng được tối đa với 0,06 mol Br2 trong dung dịch. Giá trị của m là', 3, 4, 'Amin - Aminoaxit - Peptit – Protein   '),
(171, 'Hòa tan hoàn toàn m gam hỗn hợp gồm Al và Al2O3 trong 200 ml dung dịch HCl 2M, thu được 1,68 lít khí H2 và dung dịch X. Cho từ từ dung dịch 340 ml NaOH 1M vào X thu được 2a gam kết tủa , tương tự với 470 ml thu được a – 0,78 gam kết tủa Giá trị của m là', 3, 4, 'Kim loại kiềm – kiềm thổ - nhôm'),
(172, 'Hợp chất hữu cơ mạch hở X (C8H12O5) tác dụng với lượng dư dung dịch NaOH đun nóng, thu được glyxerol và hai muối của hai axit cacboxylic Y và Z. Axit Z có đồng phân hình học. Phát biểu nào sau đây đúng?', 3, 4, 'Phân biệt - nhận biết'),
(173, 'Cho các phát biểu sau: (1) Dầu chuối (chất tạo hương liệu mùi chuối chín) có chứa isoamyl axetat. (2) Trong công nghiệp, glucozơ được dùng để tráng ruột phích. (3) Tinh bột được tạo thành trong xây xanh nhờ quá trình quang hợp. (4) Dùng giấm ăn hoặc chanh khử được mùi tanh trong cá do amin gây ra. (5) Có thể dùng nhiệt để hàn và uốn ống nhựa PV C. Số phát biểu đúng là :', 3, 4, 'Phân biệt - nhận biết'),
(174, 'Nung nóng 0,1 mol C4H10 có xúc tác thích hợp, thu được hỗn hợp khí gồm H2, CH4, C2H4, C2H6, C3H6, C4H8 và C4H10. Dẫn X qua bình đựng dung dịch Br2 dư, sau khi phản ứng xảy ra hoàn toàn thấy khối lượng bình tăng m gam và có hỗn hợp khí Y thoát ra. Đốt cháy toàn bộ Y cần vừa đủ 6,832 lít khí O2. Giá trị của m là', 3, 4, 'Đại cương hóa hữa cơ – Hidrocacbon'),
(175, 'Dẫn a mol hỗn hợp X (gồm hơi nước và khí CO2) qua cacbon nung đỏ, thu được 1,8a mol hỗn hợp khí Y gồm H2, CO và CO2. Cho Y đi qua ống đựng hỗn hợp gồm CuO và Fe2O3 (dư, nung nóng), sau khi các phản ứng xảy ra hoàn toàn, khối lượng chất rắn giảm 1,28 gam. Giá trị của a là', 3, 4, 'Tổng hợp hóa hữu cơ / Vô cơ                          '),
(176, 'Trong quá trình bảo quản, một mẫu muối FeSO4.7H2O (có khối lượng m gam) bị oxi hóa bởi oxi không khí tạo thành hỗn hợp X chứa các hợp chất của Fe(II) và Fe(III). Hòa tan toàn bộ X trong dung dịch loãng chứa 0,05 mol H2SO4, thu được 100 ml dung dịch Y. Tiến hành hai thí nghiệm với Y: Thí nghiệm 1: Cho lượng dư dung dịch BaCl2 vào 25 ml dung dịch Y, thu được 4,66 gam kết tủa. Thí nghiệm 2: Thêm dung dịch H2SO4 (loãng, dư) vào 25 ml dung dịch Y, thu được dung dịch Z. Nhỏ từ từ dung dịch KMnO4 0,1M vào Z đến khi phản ứng vừa đủ thì hết 13,5 ml. Giá trị của m và phần trăm số mol Fe(II) đã bị oxi hóa trong không khí lần lượt là :', 3, 4, 'Tổng hợp hóa hữu cơ / Vô cơ                          '),
(177, 'Chất X (CnH2n+4O4N2) là muối amoni của axit cacboxylic đa chức, chất Y (CmH2m-3O6N5) là pentapeptit được tạo bởi một aminoaxit. Cho 0,26 mol E gồm X và Y tác dụng tối đa với dung dịch chứa 0,7\nmol NaOH, đun nóng thu được etylamin và dung dịch T chỉ chứa 62,9 gam hỗn hợp muối. Phần trăm khối lượng của X trong E có giá trị gần nhất với giá trị nào sau đây?\n', 4, 4, 'Andehit – Axit Cacbonxylic'),
(178, 'Hỗn hợp X gồm ba este mạch hở đều tạo bởi axit cacboxylic với ancol, trong đó hai este có cùng số nguyên tử cacbon trong phân tử. Xà phòng hóa hoàn toàn 9,16 gam X bằng dung dịch NaOH vừa đủ thu được hỗn hợp Y gồm hai ancol đơn chức, kế tiếp trong dãy đồng đẳng và hỗn hợp Z gồm hai muối. Cho toàn bộ Y vào bình đựng kim loại Na dư, sau phản ứng có khí thoát ra và khối lượng bình tăng 5,12 gam. Đốt cháy hoàn toàn Z cần vừa đủ 0,12 mol O2, thu được Na2CO3 và 6,2 gam hỗn hợp CO2 và H2O. Phần trăm khối lượng của este có phân tử khối lớn nhất trong X là', 4, 4, 'Este – Lipit'),
(179, 'Hòa tan hỗn hợp gồm gồm CuSO4 và NaCl vào nước thu được dung dịch X. Tiến hành điện phân X với điện cực trơ, màng ngăn xốp, dòng điện có cường độ không đổi. Tổng số mol khí thu được ở cả hai điện cực (n) phụ thuộc vào thời gian điện phân (t) giây biết n = 0.02 tại thời điểm t = a , n = 0.07 tại thời điểm t = 4a .', 2, 4, 'Sự điện li'),
(180, 'Hòa tan hết m gam hỗn hợp X gồm Al, Cu và FeS vào dung dịch chứa 0,38 mol H2SO4 (đặc) đun nóng, thu được dung dịch Y (chất tan chỉ gồm các muối trung hòa) và 0,29 mol SO2 (là chất khí duy nhất). Cho 2,24 gam bột Fe vào Y, sau khi các phản ứng xảy ra hoàn toàn thu được dung dịch Z và 1,28 gam kim loại. Dung dịch Z phản ứng tối đa với 0,3 mol NaOH, thu được 10,06 gam kết tủa. Giá trị của m là', 3, 4, 'Tổng hợp hóa hữu cơ / Vô cơ                          '),
(181, 'Tiến hành các thí nghiệm theo các bước sau: Bước 1: Cho vào hai ống nghiệm mỗi ống 2 ml etyl axetat. Bước 2: Thêm 2 ml dung dịch H2SO4 20% vào ống thứ nhất; 4 ml dung dịch NaOH 30% vào ống thứ hai. Bước 3: Lắc đều cả hai ống nghiệm, lắp ống sinh hàn, đun sôi nhẹ trong khoảng 5 phút, để nguội. Cho các phát biểu sau: (1) Sau bước 2, chất lỏng trong ống thứ nhất phân lớp, chất lỏng trong ống thứ hai đồng nhất. (2) Sau bước 3, chất lỏng trong cả hai ống nghiệm đều đồng nhất. (3) Sau bước 3, sản phẩm phản ứng thủy phân trong cả hai ống nghiệm đều tan tốt trong nước. (4) Ở bước 3, có thể thay việc đun sôi nhẹ bằng đun cách thủy (ngâm trong nước nóng). (5) Ống sinh hàn có tác dụng hạn chế sự thất thoát của các chất lỏng trong ống nghiệm. Số phát biểu đúng là :', 3, 4, 'Phân biệt - nhận biết'),
(182, 'Hòa tan hết 19,12 gam hỗn hợp X gồm FeCO3, Fe(NO3)2 và Al vào dung dịch Y chứa KNO3 và 0,8 mol HCl, thu được dung dịch Z và 4,48 lít khí T gồm CO2, H2 và NO (có tỷ lệ mol tương ứng là 5 : 4 : 11). Dung dịch Z phản ứng được tối đa với 0,94 mol NaOH. Nếu cho Z tác dụng với dung dịch AgNO3 dư thì thu được 0,448 lít khí NO (sản phẩm khử duy nhất của N+5) và m gam hỗn hợp kết tủa. Giá trị của m là:', 3, 4, 'Tổng hợp hóa hữu cơ / Vô cơ  '),
(183, 'Cho 7,36 gam hỗn hợp E gồm hai este mạch hở X và Y (đều tạo từ axit cacboxylic và ancol, MX < MY < 150), tác dụng vừa đủ với dung dịch NaOH, thu được một ancol Z và 6,76 gam hỗn hợp muối T. Cho toàn bộ Z tác dụng với Na dư, thu được 1,12 lít khí H2. Đốt cháy hoàn toàn T, thu được H2O, Na2CO3 và 0,05 mol CO2. Phần trăm khối lượng của X trong E là', 4, 4, 'Este – Lipit'),
(184, 'Chất nào sau đây thuộc loại đisaccarit?', 1, 4, 'Phân biệt - nhận biết'),
(185, 'Công thức hóa học của sắt (II) oxit là', 1, 4, 'Phân biệt - nhận biết'),
(186, 'Dung dịch nào say đây làm quì tím hóa xanh', 1, 4, 'Phân biệt - nhận biết'),
(187, 'Dung dịch nào sau đây hòa tan được Cr(OH)3', 1, 4, 'Phân biệt - nhận biết'),
(188, 'Ở trạng thái rắn, hợp chất X tạo thành một khối trắng gọi là “nước đá khô”. Nước đá khô không nóng chảy mà thăng hoa, được dùng để tạo môi trường lạnh không có hơi ẩm. Chất X là :', 3, 4, 'Phân biệt - nhận biết'),
(189, 'Tơ nào sau đây thuộc loại tơ nhân tạo?', 1, 4, 'Phân biệt - nhận biết'),
(190, 'Thành phần chính của muối ăn là', 1, 4, 'Phân biệt - nhận biết'),
(191, 'Chất nào sau đây làm mềm được nước cứng có tính vĩnh cửu?', 1, 4, 'Phân biệt - nhận biết'),
(192, 'Dung dịch nào sau đây hòa tan được Al2O3?', 1, 4, 'Phân biệt - nhận biết'),
(193, 'Kim loại nào sau đây không tan được trong dung dịch H2SO4 loãng?', 1, 4, 'Đại cương kim loại '),
(194, 'Kim loại nào sau đây được điều chế bằng phương pháp nhiệt luyện với CO', 2, 4, 'Đại cương kim loại '),
(195, 'Công thức của triolein là', 1, 4, 'Phân biệt - nhận biết'),
(196, 'Phát biểu nào sau đây đúng?', 1, 4, 'Phân biệt - nhận biết'),
(197, 'Cho 54 gam glucozơ lên men rượu với hiệu suất 75%, thu được m gam C2H5OH. Giá trị của m là :', 3, 4, 'Ancol – Phenol'),
(198, 'Nhiệt phân hoàn toàn 10 gam CaCO3, thu được khối lượng CaO là', 1, 4, 'Cacbon – Silic'),
(199, 'Cho 4,5 gam amin X (no, đơn chức, mạch hở) tác dụng với HCl dư,thu được 8,15 gam muối. Số nguyên tử hiđro trong phân tử X :', 2, 4, 'Amin - Aminoaxit - Peptit – Protein   '),
(200, 'Cho 1 ml dung dịch AgNO3 1% vào ống nghiệm sạch, lắc nhẹ, sau đó nhỏ từ từ từng giọt dung dịch NH3 2M cho đên khi kết tủa sinh ra bị hòa tan hết. Nhỏ tiếp 3-5 giọt dung dịch chất X, đun nóng nhẹ hỗn hợp ở khoảng 60 – 70 oC trong vài phút, trên thành ống nghiệm xuất hiện lớp bạc sáng. Chất X là', 3, 4, 'Phân biệt - nhận biết'),
(201, 'Tinh thể chất rắn X không màu, vị ngọt, dễ tan trong nước. X có nhiều trong quả nho chín nên còn gọi là đường nho. Khử chất X bằng H2 thu được chất hữu cơ Y. Tên gọi của X và Y lần lượt là', 3, 4, 'Phân biệt - nhận biết'),
(202, 'Hòa tan m gam Fe bang dung dịch H2SO4 loãng, dư thu được 2,24 lít khí H2. Giá trị của m là', 2, 4, 'Đại cương kim loại '),
(203, 'Cặp chất nào sau đây không cùng tồn tại trong dung dịch?', 1, 4, 'Phân biệt - nhận biết'),
(204, 'Thí nghiệm nào sau đây thu được muối sắt(II) sau khi kết thúc phản ứng?', 1, 4, 'Phân biệt - nhận biết'),
(205, 'Thí nghiệm nào sau đây xảy ra ăn mòn hóa học', 1, 4, 'Phân biệt - nhận biết'),
(206, 'Phát biểu nào sau đây sai?', 1, 4, 'Phân biệt - nhận biết'),
(207, 'Este nào sau đây tác dụng với dung dịch NaOH thu được ancol metylic?', 1, 4, 'Este – Lipit'),
(208, 'Nung nóng hỗn hợp X gồm: metan, etilen, propin, vinylaxetilen và a mol H2 có Ni xúc tác (chỉ xảy ra phản ứng cộng H2), thu được 0,1 mol hỗn hợp Y (gồm các hiđrocacbon) có tỉ khối so với H2 là 14,4. Biết 0,1 mol Y phản ứng tối đa với 0,06 mol Br2 trong dung dịch. Giá trị của a là', 3, 4, 'Đại cương hóa hữa cơ – Hidrocacbon'),
(209, 'Hợp chất hữu cơ mạch hở X (C8H12O5) tác dụng với lượng dư dung dịch NaOH đun nóng, thu đượ glixerol và hai muối Y và Z (MY < MZ). Hai chất Y và Z đều không có phản ứng tráng bạc. Phát biểu nào sau đây đúng?', 3, 4, 'Phân biệt - nhận biết'),
(210, 'Đốt cháy hoàn toàn triglixerit cần vừa đủ 3,08 mol O2, thu được CO2 và 2 mol H2O. Cho m gam X tác dụng với dung dịch NaOH vừa đủ, thu được glixerol và 35,36 gam muối. Mặt khác, m gam X tác dụng được tối đa a mol Br2 trong dung dịch. Giá trị của a là', 3, 4, 'Tổng hợp hóa hữu cơ / Vô cơ                          '),
(211, 'Hòa tan m gam Al vào dung dịch chứa 0,2 mol H2SO4 loãng thu được khí H2 và dung dịch X. Cho từ từ dung dịch 140 ml HCl 2M vào X thu được 2a + 1,56 gam kết tủa , tương tự với 240 ml thu được a gam kết tủa . Cho giá trị của m và a lần lượt là', 3, 4, 'Kim loại kiềm – kiềm thổ - nhôm'),
(212, 'Dẫn 0,55 mol hỗn hợp X (gồm hơi nước và khó CO2) qua cacbon nung đỏ, thu được 0,95 mol hỗn hợp Y gồm CO, H2 và CO2. Cho Y hấp thụ vào dung dịch chứa 0,1 mol Ba(OH)2, sau khi phản ứng xảy ra hoàn toàn, thu được m gam kết tủa. Giá trị của m là:', 3, 4, 'Tổng hợp hóa hữu cơ / Vô cơ '),
(213, 'Cho các phát biểu sau: \r\n(1) Sử dụng xà phòng trong nước cứng để giặt đồ sẽ làm đồ nhanh mục. \r\n(2) Nếu nhỏ dung dich I2 vào lát cắt của quả chuối xanh thì xuất hiện màu xanh tím. \r\n(3) Khi nấu canh cua, hiện tượng riêu cua nổi lên trên là do sự đông tụ protein. \r\n(4) Một số este có mùi thơm được dùng làm chất tạo hương trong công nghiêp thực phẩm. \r\n(5) Vải làm từ nilon-6,6 kém bền trong nước xà phòng có tính kiềm. \r\nSố phát biểu đúng là :', 3, 4, 'Phân biệt - nhận biết'),
(214, 'Thực hiện các thí nghiệm sau: \r\n(1) Cho dung dịch BaCl2 vào dung dịch KHSO4. \r\n(2) Cho dung dịch NaOH vào dung dịch Ca(HCO3)2. \r\n(3) Cho dung dịch NH3 tới dư vào dung dịch Al(NO3)3. \r\n(4) Cho dung dịch HCl tới dư vào dung dịch NaAlO2. \r\n(5) Cho dung dịch AgNO3 vào dung dịch Fe(NO3)2. \r\nSau khi phản ứng kết thúc, số thí nghiệm thu được kết tủa là :', 3, 4, 'Phân biệt - nhận biết'),
(215, 'Cho sơ đồ các phản ứng theo đúng tỉ lệ mol: \r\n(a) X → Y + CO2 \r\n(b) Y + H2O → Z \r\n(c) T + Z  →  R + X + H2O \r\n(d) 2T + Z  →  Q + X + H2O \r\nCác chất R, Q thỏa mãn sơ đồ trên lần lượt là :', 3, 4, 'Phân biệt - nhận biết'),
(216, 'Hòa tan hết m gam hỗn hợp X gồm Fe, FeO, Fe2O3 và Fe3O4 vào dung dịch HCl dư, thu được a mol H2 và dung dịch chứa 31,19 gam hỗn hợp muối. Mặt khác, hòa tan hoàn toàn m gam X trong dung dịch chứa 0,55 mol H2SO4 (đặc) đun nóng, thu được dung dịch Y và 0,14 mol SO2 (sản phẩm khử duy nhất S+6). Cho 400 ml dung dịch NaOH 1M vào Y, sau khi phản ứng kết thúc thu được 10,7 gam một chất kết tủa. Giá trị của a là:', 3, 4, 'Tổng hợp hóa hữu cơ / Vô cơ  '),
(217, 'Hòa tan hết 11.02 gam hỗn hợp X gồn FeCO3, Fe(NO3)2, Al vào dung dịch Y chứa KNO3 và 0,4 mol HCl, thu được dung dịch Z và 2,688 lít khí T gồm CO2, H2, NO (có tỉ lệ mol tương ứng là 5 : 2 : 5). Dung dịch Z phản ứng được tối đa với 0,45 mol NaOH. Nếu cho Z tác dụng với dung dịch AgNO3 dư thì thu được m gam kết tủa. Biết các phản ứng xảy ra hoàn toàn và NO là sản phẩm khư duy nhất của N+5 trong các quá trình trên. Giá trị của m l;à', 3, 4, 'Tổng hợp hóa hữu cơ / Vô cơ  '),
(218, 'Hỗn hợp E gồm ba este hở mạch đều tạo bởi axit cacboxylic với ancol: X (no, đơn chức), Y (không no, đơn chức, phân tử có hai liên kết pi) và Z (no, hai chức). Cho 0,58 mol E phản ứng vừa đủ với dung dịch NaOH, thu được 38,34 gam hỗn hợp ba ancol cùng dãy đồng đẳng và 73,22 gam hỗn hợp T gồm ba muối của ba axit cacboxylic. Đốt cháy toàn bộ T cần vừa đủ 0,365 mol O2, thu được Na2CO3, H2O và 0,6 mol CO2. Phần trăm khối lượng của Y trong E có giá trị gần nhất với giá trị nào sau đây ?', 4, 4, 'Este – Lipit'),
(219, 'Chất X (CnH2n+4O4N2) là muối amoni của axit cacboxylic đa chức; chất Y (CmH2m-4O7N6) là hexapeptit được tạo bởi một amino axit. Biết 0,1 mol E gồm X và Y tác dụng tối đa với 0,32 mol NaOH trong dung dịch, đun nóng, thu được metylamin và dung dịch chỉ chứa 31,32 gam hỗn hợp muối. Phần trăm khối lượng của X trong E có giá trị gần nhất với giá trị nào sau đây?\n', 4, 4, 'Andehit – Axit Cacbonxylic'),
(220, 'Hòa tan hoàn toàn m gam hỗn hợp CuSO4 và NaCl vào nước, thu được dung dịch X. Tiến hành điện phân X với các điện cực trơ, màng ngăn xốp, dòng điện có cường độ không đổi. Tổng số mol khí thu được trên cả hai điện cực (n) phụ thuộc vào thời gian điện phân (t) biết n = 0.04 tại thời điểm t = a , n = 0.21 tại thời điểm t = 3,5a. Giả sử hiệu suất điện phân là 100% bỏ qua sự bay hơi của nước. Giá trị của m là:', 2, 4, 'Sự điện li'),
(221, 'Đốt cháy hoàn toàn m gam hỗn hợp E gồm hai este mạch hở X và Y (đều tạo bởi axit cacboxylic và ancol; MX < MY < 150), thu được 4,48 lít khí CO2.Cho m gam E tác dụng vừa đủ với dung dịch NaOH, thu được một muối và 3,14 gam hỗn hợp ancol Z. Cho toàn bộ Z tác dụng với Na dư, thu được 1,12 lít khí H2. Phần trăm khối lượng X trong E là :', 4, 4, 'Este – Lipit'),
(222, 'Tiến hành thí nghiệm theo các bước sau: \r\nBước 1: Cho vào cốc thủy tinh chịu nhiệt khoảng 5 gam mỡ lợn và 10ml dung dịch NaOH 40%. \r\nBước 2: Đun sôi nhẹ hỗn hợp, liên tục khuấy đều bằng đũa thủy tinh khoảng 30 phút và thỉnh thoảng thêm nước cất để giữ cho thể tích hỗn hợp không đổi. Để nguội hỗn hợp. \r\nBước 3: Rót thêm vào hỗn hợp 15 - 20ml dung dịch NaCl bão hòa nóng, khuấy nhẹ. Để yên hỗn hợp, cho các phát biểu sau: \r\n(1) Sau bước 3 thấy có lớp chất rắn màu trắng nổi lên là glixerol. \r\n(2) Vai trò của dung dịch NaCl bão hòa ở bước 3 là để tách muối Natri của axit béo ra khỏi hỗn hợp. \r\n(3) Ở bước 2, nếu không thêm nước cất, hỗn hợp bị cạn khô thì phản ứng thủy phân không xảy ra. \r\n(4) Ở bước 1, nếu thay mỡ lợn bằng dầu dừa thì hiện tượng thí nghiệm sau bước 3 vẫn xảy ra tương tự. \r\n(5) Trong công nghiệp, phản ứng ở thí nghiệm trên được ứng dụng để sản xuất xà phòng và glixerol. \r\nSố phát biểu đúng là :', 3, 4, 'Phân biệt - nhận biết'),
(223, 'Trong quá trình bảo quản, một mẫu muối FeSO4.7H2O (có khối lượng m gam) bị oxi hóa bởi oxi không khí tạo thành hỗn hợp X chứa các hợp chất của Fe(II) và Fe(III). Hòa tan toàn bộ X trong dung dịch loãng chứa 0,035 mol H2SO4, thu được 100 ml dung dịch Y, thu được dung dịch Y, tiến hàng hai thí nghiệm với Y: Thí nghiệm 1: Cho lượng dư dung dịch BaCl2 vào 20ml dung dịch Y, thu được 2,33 gam kết tủa. Thí nghiệm 2: Thêm dung dịch H2SO4 (loãng, dư) vào 20ml dung dịch Y, thu được dung dịch Z. Nhỏ từ từ dung dịch KMnO4 0,03M vào Z đến khi phản ứng vừa đủ thì hết 18 ml. Giá trị m và phần trăm khối lượng Fe(II) đã bị oxi hóa lần lượt là :', 3, 4, 'Sắt Crom – Hợp chất của nó                                          '),
(224, 'Ở điều kiện thường, crôm tác dụng với phi kim nào sau đây?', 1, 4, 'Sắt Crom – Hợp chất của nó                                          '),
(225, 'Vào mùa lũ, để có nước sử dụng, dân cư ở một số vùng thường sử dụng chất X (Có công thức K2SO4.Al2(SO4)3.24H2O) để làm trong nước. Chất X được gọi là :', 3, 4, 'Phân biệt - nhận biết'),
(226, 'Công thức hóa học của sắt (II) sunfat là', 1, 4, 'Phân biệt - nhận biết'),
(227, 'Tơ nào sau đây thuộc loại tơ tổng hợp?', 1, 4, 'Phân biệt - nhận biết'),
(228, 'Kim loại nào sau đây điều chế được bằng phương pháp nhiệt luyện với chất khử là H2?\n', 1, 4, 'Phân biệt - nhận biết'),
(229, 'Đun nước cứng lâu ngày trong ấm nước xuất hiện một lớp cặn.Thành phần chính của lớp cặn đó là\n', 1, 4, 'Phân biệt - nhận biết'),
(230, 'Chất nào sau đây thuộc loại monosaccarit?', 1, 4, 'Phân biệt - nhận biết'),
(231, 'Trong phòng thí nghiệm, kim loại Na được bảo quản bằng cách ngâm trong chất lỏng nào sau đây?\n', 1, 4, 'Phân biệt - nhận biết'),
(232, 'Axit amino axetic (NH2-CH2-COOH) tác dụng được với dung dịch nào sau đây?\n', 2, 4, 'Amin - Aminoaxit - Peptit – Protein   '),
(233, 'Chất nào sau đây có tính lưỡng tính?', 1, 4, 'Phân biệt - nhận biết'),
(234, 'Kim loại nào sau đây có tính khử yếu nhất?', 2, 4, 'Đại cương kim loại '),
(235, 'Công thức axit stearic là', 4, 4, 'Andehit – Axit Cacbonxylic'),
(236, 'Este nào sau đây tác dụng với NaOH thu được ancol etylic?', 1, 4, 'Este – Lipit'),
(237, 'Thí nghiệm nào sau đây chỉ xảy ra ăn mòn hóa học?', 1, 4, 'Phân biệt - nhận biết'),
(238, 'Hòa tan hoàn toàn 2,8 gam Fe trong dung dịch HCl dư, thu được V lít khí H2.  Giá trị của V là\n', 3, 4, 'Sắt Crom – Hợp chất của nó                                          '),
(239, 'Rót 1 – 2 ml dung dịch chất X đậm đặc vào ống nghiệm đựng 1 – 2 ml dung dịch NaHCO3. Đưa que diêm đang cháy vào miệng ống nghiệm thì que diêm tắt. Chất X là\n', 3, 4, 'Phân biệt - nhận biết'),
(240, 'Tinh thể chất rắn X không màu, vị ngọt, dễ tan trong nước.  X có nhiều trong cây mía, củ cải đường và hoa thốt nốt. Trong công nghiệp, X được chuyển hóa thành chất Y dùng để tráng gương, tráng ruột phích. Tên gọi của X và Y lần lượt là\n', 3, 4, 'Phân biệt - nhận biết'),
(241, 'Thí nghiệm nào sau đây thu được muối sắt (II) khi kết thúc phản ứng?', 1, 4, 'Phân biệt - nhận biết'),
(242, 'Phát biểu nào sau đây đúng?', 1, 4, 'Phân biệt - nhận biết'),
(243, 'Dùng Al dư khử hoàn toàn 4,8 gam Fe2O3 thành Fe bằng phản ứng nhiệt nhôm.  Khối lượng Fe thu được là\n', 3, 4, 'Sắt Crom – Hợp chất của nó                                          '),
(244, 'Phát biểu nào sau đây đúng?', 1, 4, 'Phân biệt - nhận biết'),
(245, 'Cho 5,9 gam amin X (no, đơn chức, mạch hở) tác dụng hết với dung dịch HCl dư, thu được 9,55 gam muối. Số nguyên tử H trong phân tử X là\n', 2, 4, 'Amin - Aminoaxit - Peptit – Protein   '),
(246, 'Cho 90 gam glucozơ lên men rượu với hiệu suất 80%, thu được m gam C2H5OH. Giá trị của m là\n', 3, 4, 'Ancol – Phenol'),
(247, 'Cặp chất nào sau đây cùng tồn tại trong dung dịch?', 1, 4, 'Phân biệt - nhận biết'),
(248, 'Đốt cháy hoàn toàn m gam triglixerit X cần vừa đủ 2,31 mol O2, thu được H2O và 1,65 mol CO2. Cho m gam X tác dụng với dung dịch NaOH vừa đủ, thu được glyxerol và 26,52 gam muối. Mặt khác, m gam X tác dụng được tối đa với a mol Br2 trong dung dịch. Giá trị của a là :', 3, 4, 'Tổng hợp hóa hữu cơ / Vô cơ  '),
(249, 'Dẫn a mol hỗn hợp X (gồm hơi nước và khí CO2) qua cacbon nung đỏ, thu được 1,75a mol hỗn hợp Y gồm CO, H2 và CO2. Cho Y hấp thụ vào dung dịch Ca(OH)2 dư, sau khi phản ứng xảy ra hoàn toàn thu được 0,75 gam kết tủa. Giá trị của a là :', 3, 4, 'Cacbonhidrat'),
(250, 'Nung nóng hỗn hợp X gồm metan, etilen, propin, vinyl axetilen và a mol H2 có Ni xúc tác (chỉ xảy ra phản ứng cộng H2) thu được 0,2 mol hỗn hợp Y (gồm các hiđrocacbon) có tỉ khối so với H2 là 14,5. Biết 0,2 mol Y phản ứng tối đa với 0,1 mol Br2 trong dung dịch. Giá trị của a là :', 3, 4, 'Đại cương hóa hữa cơ – Hidrocacbon'),
(251, 'Cho sơ đồ các phản ứng sau: \r\n(1) X1 + H2O → X2  + X3 + H2 \r\n(2) X2  + X4   →   CaCO3  + Na2CO3  + H2O \r\n(3) X2  + X3  →   X1  + X5  + H2O. \r\n(4) X4  + X6   →  CaSO4  + Na2SO4  + CO2  + H2O.\r\nCác chất X5, X6 thỏa mãn sơ đồ trên lần lượt là :', 3, 4, 'Phân biệt - nhận biết'),
(252, 'Cho sơ đồ phản ứng theo đúng tỉ lệ mol \r\n(1) X + 2NaOH → X1  + X2  + X3 \r\n(2) X1  + HCl →  X4  + NaCl \r\n(3) X2  + HCl  →  X5  + NaCl \r\n(4) X3  + CuO →  X6  + Cu + H2O \r\nBiết X có công thức phân tử C6H10O4 và chứa hai chức este\r\nX1, X2 đều có hai nguyên tử cacbon trong phân tử và khối lượng mol của X1 nhỏ hơn khối lượng mol của X2.\r\nPhát biểu nào sau đây sai ?', 3, 4, 'Phân biệt - nhận biết'),
(253, 'Thực hiện các thí nghiệm sau: \r\n(1) Nung nóng KMnO4. \r\n(2) Điện phân dung dịch CuCl2  với điện cực trơ. \r\n(3) Cho dung dịch NH3  vào dung dịch AlCl3 dư \r\n(4) Nung nóng NaHCO3. \r\n(5) Cho dung dịch CuCl2 vào dung dịch NaOH \r\nSau khi các phản ứng kết thúc, số thí nghiệm sinh ra chất khí là :', 3, 4, 'Phân biệt - nhận biết'),
(254, 'Cho các phát biểu sau: (1) Thủy tinh hữu cơ (plexiglas) được ứng dụng làm cửa kính ô tô. (2) Quá trình làm rượu vang từ quả nho xảy ra phản ứng lên men rượu của glucozơ. (3) Khi ngâm trong nước xà phòng có tính kiềm, vải lụa làm bằng tơ tằm sẽ nhanh hỏng. (4) Khi rớt axit sunfuric đặc vào vải cotton (sợi bông) thì chỗ vải đó sẽ bị đen rồi thủng. (5) Dầu mỡ động thực vật bị ôi thiu do liên kết C=C của chất béo bị oxi hóa. Số phát biểu đúng là :', 3, 4, 'Phân biệt - nhận biết'),
(255, 'Hòa tan hoàn toàn m gam hỗn hợp Na và Al (tỉ lệ mol tương ứng là 5 : 4) vào nước, thu được dung dịch X. Cho từ từ dung dịch 210 ml HCl 1M vào X thu được a gam kết tủa , tương tự với 430 ml thu được a - 1,56 gam kết tủa . Giá trị của m là :', 3, 4, 'Đại cương kim loại '),
(256, 'Đốt cháy hoàn toàn m gam hỗn hợp E gồm hai este mạch hở X và Y (đều tạo bởi axit cacboxylic và ancol, MX < M < 150) thu được 4,48 lít khí CO2. Cho m gam E tác dụng vừa đủ với dung dịch NaOH, thu được một ancol Z và 6,76 gam hỗn hợp muối. Cho toàn bộ Z tác dụng với Na dư, thu được 1,12 lít khí H2. Phần trăm khối lượng của X trong E là', 3, 4, 'Este – Lipit'),
(257, 'Hòa tan hoàn toàn m gam hỗn hợp CuSO4 và NaCl vào nước, thu được dung dịch X. Tiến hành điện phân X với các điện cực trơ, màng ngăn xốp, dòng điện có cường độ không đổi. Tổng số mol khí thu được trên cả 2 điện cực (n) phụ thuộc vào thời gian điện phân (t) biết n = 0.060 tại thời điểm t = a , n = 0.288 tại thời điểm t = 6a Giả sử hiệu suất điện phân là 100%, bỏ qua sự bay hơi của H2O. Giá trị của m là :', 2, 4, 'Sự điện li'),
(258, 'Hòa tan hoàn toàn m gam hỗn hợp X gồm Al, Cu và FeS vào dung dịch chứa 0,32 mol H2SO4 (đặc), đun nóng, thu được dung dịch Y (chất tan chỉ gồm các muối trung hòa) và 0,24 mol SO2 (là chất khí duy nhất). Cho 0,25 mol NaOH phản ứng hết với dung dịch Y, thu được 7,63 gam kết tủa. Giá trị của m là', 4, 4, 'Đại cương kim loại '),
(259, 'Hòa tan hết 21,48 gam hỗn hợp X gồm Fe, Mg và Fe(NO3)2 vào dung dịch chứa 0,42 mol H2SO4 loãng và 0,02 mol KNO3, thu được dung dịch Y (chất tan chỉ có 54,08 gam các muối trung hòa) và 3,74 gam hỗn hợp Z gồm ba khí không màu (trong đó hai khí có số mol bằng nhau). Dung dịch Y phản ứng được tối đa với 0,82 mol NaOH, thu được 26,57 gam kết tủa. Biết các phản ứng xảy ra hoàn toàn. Phần trăm thể tích của khí có phân tử khối lớn nhất trong Z là', 4, 4, 'Đại cương kim loại '),
(260, 'Tiến hành thí nghiệm theo các bước sau: Bước 1: Cho vào cốc thủy tinh chịu nhiệt khoảng 5 gam mỡ lợn và 10 ml dung dịch NaOH 40%. Bước 2: Đun sôi nhẹ hỗn hợp, liên tục khuấy đều bằng đũa thủy tinh khoảng 30 phút và thỉnh thoảng thêm nước cất để giữ cho thể tích hỗn hợp không đổi. Để nguội hỗn hợp. Bước 3: Rót thêm vào hỗn hợp 15 – 20 ml dung dịch NaCl bão hòa nóng, khuấy nhẹ. Để yên hỗn hợp. Cho các phát biểu sau: (1) Sau bước 3 thấy có lớp chất rắn màu trắng chứa muối natri của axit béo nổi lên. (2) Vai trò của dung dịch NaCl bão hòa ở bước 3 là để tách muối natri của axit béo ra khỏi hỗn hợp. (3) Ở bước 2, nếu không thêm nước cất, hỗn hợp bị cạn khô thì phản ứng thủy phân không xảy ra.(4) Ở bước 1, nếu thay mỡ lợn bằng dầu nhớt thì hiện tượng thí nghiệm sau bước 3 vẫn xảy ra tương tự. (5) Trong công nghiệp, phản ứng ở thí nghiệm trên được ứng dụng để sản xuất xà phòng và glixerol. Số phát biểu đúng là :', 3, 4, 'Phân biệt - nhận biết'),
(261, 'Chất X (CnH2n+4O4N2) là muối amoni của axit cacboxylic đa chức; chất Y (CmH2m+4O2N2) là muối amoni của một amino axit. Cho m gam E gồm X và Y (có tỉ lệ mol tương ứng là 3 : 5) tác dụng hết với lượng dư dung dịch NaOH đun nóng, thu được 0,22 mol etylamin và 21,66 gam hỗn hợp muối. Phần trăm khối lượng của X trong E là', 4, 4, 'Andehit – Axit Cacbonxylic'),
(262, 'Hỗn hợp E gồm ba este mạch hở đều tạo bởi axit cacboxylic với ancol: X (no, đơn chức), Y (không no, đơn chức, phân tử có hai liên kết pi) và Z (no, hai chức). Cho 0,2 mol E phản ứng vừa đủ với dung dịch NaOH, thu được 12,88 gam hỗn hợp ba ancol cùng dãy đồng đẳng và 24,28 gam hỗn hợp T gồm ba muối của ba axit cacboxylic. Đốt cháy toàn bộ T cần vừa đủ 0,175 mol O2, thu được Na2CO3, CO2 và 0,055 mol H2O. Phần trăm khối lượng của X trong E có giá trị gần nhất với giá trị nào sau đây ?', 3, 4, 'Este – Lipit'),
(263, 'Trong quá trình bảo quản, một mẫu muối FeSO4.7H2O (có khối lượng m gam) bị oxi hóa bởi oxi không khí tạo thành hỗn hợp X chứa các hợp chất của Fe(II) và Fe(III). Hòa tan toàn bộ X trong dung dịch loãng chứa 0,02 mol H2SO4, thu được 100 ml dung dịch Y. Tiến hành hai thí nghiệm với Y:\r\nThí nghiệm 1: Cho lượng dư dung dịch BaCl2 vào 25 ml dung dịch Y, thu được 2,33 gam kết tủa. Thí nghiệm 2: Thêm dung dịch H2SO4 (loãng, dư) vào 25 ml dung dịch Y, thu được dung dịch Z. Nhỏ từ từ dung dịch KMnO4 0,04M vào Z đến khi phản ứng vừa đủ thì hết 22 ml. Giá trị của m và phần trăm số mol Fe(II) đã bị oxi hóa trong không khí lần lượt là :', 3, 4, 'Tổng hợp hóa hữu cơ / Vô cơ                          '),
(264, 'Kim loại Fe không phản ứng với dung dịch', 2, 4, 'Đại cương kim loại '),
(265, 'Hợp chất nào sau đây có tính lưỡng tính ?', 1, 4, 'Phân biệt - nhận biết'),
(266, 'Trùng hợp propilen thu được polime có tên gọi là :', 2, 4, 'Polime'),
(267, 'Chất nào sau đây tác dụng được với dung dịch AgNO3 trong NH3 ?', 1, 4, 'Phân biệt - nhận biết'),
(268, 'Kim loại nào sau đây có nhiệt độ nóng chảy thấp nhất?', 2, 4, 'Đại cương kim loại '),
(269, 'Cho vài giọt quỳ tím vào dung dịch NH3 thì dung dịch chuyển thành :', 3, 4, 'Phân biệt - nhận biết'),
(270, 'Dung dịch chất nào sau đây có thể hòa tan được CaCO3?', 1, 4, 'Phân biệt - nhận biết'),
(271, 'Kim loại nào sau đây phản ứng được với dung dịch NaOH ?', 1, 4, 'Đại cương kim loại '),
(272, 'Chất nào sau đây là muối axit ?', 1, 4, 'Phân biệt - nhận biết'),
(273, 'Công thức phân tử của etanol là :', 3, 4, 'Ancol – Phenol'),
(274, 'Fructozơ là một loại monosaccarit có nhiều trong mật ong, có vị ngọt sắc. Công thức phân tử của fructozơ là :', 2, 4, ' Amin – Amino axit – Peptit – Protein'),
(275, 'Một trong những nguyên nhân gây tử vong trong nhiều vụ cháy là do nhiễm độc khí X. Khi vào cơ thể, khí X kết hợp với hemoglobin, làm giảm khả năng vận chuyển oxi của máu. Khí X là :', 3, 4, 'Phân biệt - nhận biết'),
(276, 'Dẫn khí CO dư qua ống sứ đựng 7,2 gam bột FeO nung nóng, thu được hỗn hợp khí X. Cho toàn bộ X vào nước vôi trong dư, thu được m gam kết tủa. Biết các phản ứng xảy ra hoàn toàn. Giá trị của m là :', 3, 4, 'Tổng hợp hóa hữu cơ / Vô cơ'),
(277, 'Cho 15,6 gam hỗn hợp X gồm Al và Al2O3 tác dụng với dung dịch NaOH dư, thu được 6,72 lít khí H2 (đktc). Khối lượng của Al2O3 trong X là :', 2, 4, 'Kim loại kiềm – kiềm thổ - nhôm '),
(278, 'Cặp chất nào sau đây cùng tồn tại trong một dung dịch ?', 1, 4, 'Phân biệt - nhận biết'),
(279, 'Cho các dung dịch: C6H5NH2(anilin),CH3NH2,  H2N-[CH2]4-CH(NH2)-COOH và\r\nH2NCH2COOH. Số dung dịch làm đổi màu phenolphtalein là :', 3, 4, 'Amin – Amino axit – Peptit – Protein'),
(280, 'Thủy phân este X trong dung dịch axit, thu được CH3COOH và CH3OH. Công thức cấu tạo của X là :', 1, 4, 'Este – Lipit');
INSERT INTO `cauhoi` (`ID`, `NoiDung`, `DoKho`, `IDMH`, `NhomCH`) VALUES
(281, 'Cho 15 gam hỗn hợp gồm hai amin đơn chức tác dụng vừa đủ với V ml dung dịch HCl 0,75M, thu được dung dịch chứa 23,76 gam hỗn hợp muối. Giá trị của V là :', 3, 4, 'Amin – Amino axit – Peptit – Protein'),
(282, 'Cho 0,9 gam glucozơ (C6H12O6) tác dụng hết với lượng dư dung dịch AgNO3 trong NH3, thu được m gam Ag. Giá trị của m là :', 2, 4, 'Amin – Amino axit – Peptit – Protein'),
(283, 'Nung m gam hỗn hợp X gồm KHCO3 và CaCO3 ở nhiệt độ cao đến khối lượng không đổi, thu được chất rắn Y. Cho Y vào nước dư, thu được 0,2m gam chất rắn Z và dung dịch E. Nhỏ từ từ dung dịch HCl 1M vào E, khi khí bắt đầu thoát ra cần dùng V1 lít dung dịch HCl và đến khi khí thoát ra vừa hết thì thể tích dung dịch HCl đã dùng là V2 lít. Tỉ lệ V1 : V2 tương ứng là :', 3, 4, 'Tổng hợp hóa hữu cơ / Vô cơ'),
(284, 'Cho 11,2 lít (đktc) hỗn hợp X gồm C2H2 và H2 qua bình đựng Ni (nung nóng), thu được hỗn hợp Y (chỉ chứa ba hiđrocacbon) có tỉ khối so với H2 là 14,5. Biết Y phản ứng tối đa với a mol Br2 trong dung dịch. Giá trị của a là :', 3, 4, 'Tổng hợp hóa hữu cơ / Vô cơ'),
(285, 'Cho các phát biểu sau:\r\n(a) Thủy phân triolein, thu được etylen glicol.\r\n(b) Tinh bột bị thủy phân khi có xúc tác axit hoặc enzim.\r\n(c) Thủy phân vinyl fomat, thu được hai sản phẩm đều có phản ứng tráng bạc.\r\n(d) Trùng ngưng axit ε-aminocaproic, thu được policaproamit.\r\n(e) Chỉ dùng quỳ tím có thể phân biệt ba dung dịch: alanin, lysin, axit glutamic.\r\n(g) Phenylamin tan ít trong nước nhưng tan tốt trong dung dịch HCl. Số phát biểu đúng là :', 3, 4, 'Phân biệt - nhận biết'),
(286, 'Cho các sơ đồ phản ứng sau :\r\n(a) X (dư) + Ba(OH)2 → Y + Z\r\n(b) X + Ba(OH)2 (dư) → Y + T + H2O\r\nBiết các phản ứng đều xảy ra trong dung dịch và chất Y tác dụng được với dung dịch H2SO4 loãng. Hai chất nào sau đây đều thỏa mãn tính chất của X ?', 3, 4, 'Phân biệt - nhận biết'),
(287, 'Cho các chất: Cr, FeCO3, Fe(NO3)2, Fe(OH)3, Cr(OH)3, Na2CrO4. Số chất phản ứng được với dung dịch HCl là :', 3, 4, 'Sắt Crom – Hợp chất của nó   '),
(288, 'Thủy phân hoàn toàn triglixerit X trong dung dịch NaOH, thu được glixerol, natri stearat và natri oleat. Đốt cháy hoàn toàn m gam X cần vừa đủ 3,22 mol O2, thu được H2O và 2,28 mol CO2. Mặt khác, m gam X tác dụng tối đa với a mol Br2 trong dung dịch. Giá trị của a là :', 3, 4, 'Amin – Amino axit – Peptit – Protein'),
(289, 'Thực hiện các thí nghiệm sau:\r\n(a) Cho bột Mg dư vào dung dịch FeCl3.\r\n(b) Đốt dây Fe trong khí Cl2 dư.\r\n(c) Cho bột Fe3O4 vào dung dịch H2SO4 đặc, nóng, dư.\r\n(d) Cho bột Fe vào dung dịch AgNO3 dư.\r\n(e) Cho bột Fe dư vào dung dịch HNO3 loãng.\r\n(g) Cho bột FeO vào dung dịch KHSO4.\r\nSau khi các phản ứng xảy ra hoàn toàn, số thí nghiệm thu được muối sắt(II) là :', 3, 4, 'Phân biệt - nhận biết'),
(290, 'Thủy phân hoàn toàn 1 mol peptit mạch hở X, thu được 2 mol Gly, 1 mol Ala và 1 mol Val. Mặt khác, thủy phân không hoàn toàn X, thu được hỗn hợp các amino axit và các peptit (trong đó có Ala-Gly và Gly-Val). Số công thức cấu tạo phù hợp với tính chất của X là :', 3, 4, 'Amin – Amino axit – Peptit – Protein'),
(291, 'Cho các phát biểu sau:\n(a) Điện phân dung dịch NaCl với điện cực trơ, thu được khí H2 ở catot.\n(b) Dùng khí CO (dư) khử CuO nung nóng, thu được kim loại Cu.\n(c) Để hợp kim Fe-Ni ngoài không khí ẩm thì kim loại Ni bị ăn mòn điện hóa học.\n(d) Dùng dung dịch Fe2(SO4)3 dư có thể tách Ag ra khỏi hỗn hợp Ag và Cu.\n(e) Cho Fe dư vào dung dịch AgNO3, sau phản ứng thu được dung dịch chứa hai muối. Số phát biểu đúng là\n', 3, 4, 'Phân biệt - nhận biết'),
(292, 'Hòa tan hết 28,16 gam hỗn hợp rắn X gồm Mg, Fe3O4 và FeCO3 vào dung dịch chứa H2SO4 và NaNO3, thu được 4,48 lít (đktc) hỗn hợp khí Y (gồm CO2, NO, N2, H2) có khối lượng 5,14 gam và dung dịch Z chỉ chứa các muối trung hòa. Dung dịch Z phản ứng tối đa với 1,285 mol NaOH, thu được 43,34 gam kết tủa và 0,56 lít khí (đktc). Nếu cho Z tác dụng với dung dịch BaCl2 dư thì thu được 166,595 gam kết tủa. Biết các phản ứng xảy ra hoàn toàn. Phần trăm khối lượng Mg trong X là :', 4, 4, 'Kim loại kiềm – kiềm thổ - nhôm'),
(293, 'Hỗn hợp E gồm bốn este đều có công thức C8H8O2 và có vòng benzen. Cho m gam E tác dụng tối đa với 200 ml dung dịch NaOH 1M (đun nóng), thu được hỗn hợp X gồm các ancol và 20,5 gam hỗn hợp muối. Cho toàn bộ X vào bình đựng kim loại Na dư, sau khi phản ứng kết thúc khối lượng chất rắn trong bình tăng 6,9 gam so với ban đầu. Giá trị của m là :', 3, 4, 'Este – Lipit'),
(294, 'Điện phân dung dịch X gồm Cu(NO3)2 và NaCl với điện cực trơ, màng ngăn xốp, cường độ dòng điện không đổi I = 2,5A. Sau t giây, thu được 7,68 gam kim loại ở catot, dung dịch Y (vẫn còn màu xanh) và hỗn hợp khí ở anot có tỉ khối so với H2 bằng 25,75. Mặt khác, nếu điện phân X trong  thời gian 12352 giây thì tổng số mol khí thu được ở hai điện cực là 0,11 mol. Giả thiết hiệu suất điện phân là 100%, các khí sinh ra không tan trong nước và nước không bay hơi trong quá trình điện phân. Số mol ion Cu2+ trong Y là :', 3, 4, 'Kim loại kiềm – kiềm thổ - nhôm '),
(295, 'Thực hiện phản ứng nhiệt nhôm hỗn hợp gồm Al và m gam hai oxit sắt trong khí trơ, thu  được hỗn hợp chất rắn X. Cho X vào dung dịch NaOH dư, thu được dung dịch Y, chất không tan Z và 0,672 lít khí H2 (đktc). Sục khí CO2 dư vào Y, thu được 8,58 gam kết tủa. Cho Z tan hết vào dung dịch H2SO4 (đặc, nóng), thu được dung dịch chứa 20,76 gam muối sunfat và 3,472 lít khí SO2 (đktc). Biết SO2 là sản phẩm khử duy nhất của S+6, các phản ứng xảy ra hoàn toàn. Giá trị của m là :', 3, 4, 'Kim loại kiềm – kiềm thổ - nhôm '),
(296, 'Cho X, Y, Z là ba peptit mạch hở (phân tử có số nguyên tử cacbon tương ứng là 8, 9, 11; Z có nhiều hơn Y một liên kết peptit); T là este no, đơn chức, mạch hở. Chia 179,4 gam hỗn hợp E gồm X, Y, Z, T thành hai phần bằng nhau. Đốt cháy hoàn toàn phần một, thu được a mol CO2 và (a – 0,09) mol H2O. Thủy phân hoàn toàn phần hai bằng dung dịch NaOH vừa đủ, thu được ancol metylic và 109,14 gam hỗn hợp G (gồm bốn muối của Gly, Ala, Val và axit cacboxylic). Đốt cháy hoàn toàn G, cần vừa đủ 2,75 mol O2. Phần trăm khối lượng của Y trong E là :', 3, 4, 'Amin – Amino axit – Peptit – Protein'),
(297, 'Hỗn hợp X gồm alanin, axit glutamic và axit acrylic. Hỗn hợp Y gồm propen và trimetylamin. Đốt cháy hoàn toàn a mol X và b mol Y thì tổng số mol oxi cần dùng vừa đủ là 1,14 mol, thu được H2O; 0,1 mol N2 và 0,91 mol CO2. Mặt khác, khi cho a mol X tác dụng với dung dịch KOH dư thì lượng KOH phản ứng là m gam. Biết các phản ứng xảy ra hoàn toàn. Giá trị của m là :', 3, 4, 'Amin – Amino axit – Peptit – Protein'),
(298, 'Este X hai chức, mạch hở, tạo bởi một ancol no với hai axit cacboxylic no, đơn chức. Este Y ba chức, mạch hở, tạo bởi glixerol với một axit cacboxylic không no, đơn chức (phân tử có hai liên kết pi). Đốt cháy hoàn toàn m gam hỗn hợp E gồm X và Y cần vừa đủ 0,5 mol O2 thu được 0,45 mol CO2. Mặt khác, thủy phân hoàn toàn 0,16 mol E cần vừa đủ 210 ml dung dịch NaOH 2M, thu được hai ancol (có cùng số nguyên tử cacbon trong phân tử) và hỗn hợp ba muối, trong đó tổng khối lượng muối của hai axit no là a gam. Giá trị của a là :', 4, 4, 'Este – Lipit'),
(299, 'Hỗn hợp X gồm Al2O3, Ba, K (trong đó oxi chiếm 20% khối lượng của X). Hòa tan hoàn toàn m gam X vào nước dư, thu được dung dịch Y và 0,022 mol khí H2. Cho từ từ đến hết dung dịch gồm 0,018 mol H2SO4 và 0,038 mol HCl vào Y, thu được dung dịch Z (chỉ chứa các muối clorua và muối sunfat trung hòa) và 2,958 gam hỗn hợp kết tủa. Giá trị của m là', 4, 4, 'Kim loại kiềm – kiềm thổ - nhôm '),
(300, 'Ở điều kiện thường, chất nào sau đây làm mất màu dung dịch Br2?', 1, 4, 'Phân biệt - nhận biết'),
(301, 'Chất nào sau đây là muối axit ?', 1, 4, 'Phân biệt - nhận biết'),
(302, 'Cho vài giọt phenolphtalein vào dung dịch NH3 thì dung dịch chuyển thành', 3, 4, 'Ancol – Phenol'),
(303, 'Chất nào sau đây không tác dụng với dung dịch NaOH ?', 1, 4, 'Phân biệt - nhận biết'),
(304, 'Trùng hợp etilen thu được polime có tên gọi là :', 1, 4, 'Polime'),
(305, 'Khi nhựa PVC cháy sinh ra nhiều khí độc, trong đó có khí X. Biết khí X tác dụng với dung dịch AgNO3, thu được kết tủa trắng. Công thức của khí X là :', 3, 4, 'Phân biệt - nhận biết'),
(306, 'Glucozơ là một loại monosaccarit có nhiều trong quả nho chín. Công thức phân tử của glucozơ là :', 2, 4, 'Amin – Amino axit – Peptit – Protein'),
(307, 'Ở nhiệt độ thường, kim loại Fe phản ứng được với dung dịch', 1, 4, 'Đại cương kim loại '),
(308, 'Kim loại nào sau đây có tính dẫn điện tốt nhất ?', 1, 4, 'Đại cương kim loại '),
(309, 'Chất nào sau đây thuộc loại ancol no, đơn chức, mạch hở ?', 3, 4, 'Ancol – Phenol'),
(310, 'Nguyên tố crom có số oxi hóa +6 trong hợp chất nào sau đây?', 1, 4, 'Sắt Crom – Hợp chất của nó   '),
(311, 'Kim loại Al không tan trong dung dịch', 1, 4, 'Kim loại kiềm – kiềm thổ - nhôm'),
(312, 'Cho 31,4 gam hỗn hợp gồm glyxin và alanin phản ứng vừa đủ với 400 ml dung  dịch  NaOH 1M. Cô cạn dung dịch sau phản ứng, thu được m gam muối khan. Giá trị của m là :', 2, 4, 'Amin – Amino axit – Peptit – Protein'),
(313, 'Dẫn khí CO dư qua ống sứ đựng 8 gam bột CuO nung nóng, thu được hỗn hợp khí X. Cho toàn bộ X vào nước vôi trong dư, thu được m gam kết tủa. Biết các phản ứng xảy ra hoàn toàn. Giá trị của m là :', 2, 4, 'Cacbohidrat'),
(314, 'Cho các phản ứng có phương trình hóa học sau:\r\n(a) NaOH + HCl → NaCl + H2O\r\n(b) Mg(OH)2 + H2SO4 → MgSO4 + 2H2O\r\n(c) 3KOH + H3PO4 → K3PO4 + 3H2O\r\n(d) Ba(OH)2 + 2NH4Cl → BaCl2 + 2NH3 + 2H2O\r\nSố phản ứng có phương trình ion thu gọn: H+ + OH- → H2O là :', 3, 4, 'Phân biệt - nhận biết'),
(315, 'Cho các dung dịch: glixerol, anbumin, saccarozơ, glucozơ. Số dung dịch phản ứng với Cu(OH)2 trong môi trường kiềm là :', 2, 4, 'Amin – Amino axit – Peptit – Protein'),
(316, 'Hoà tan hoàn toàn hỗn hợp gồm K và Na vào nước, thu được dung dịch X và V lít khí H2 (đktc). Trung hòa X cần 200 ml dung dịch H2SO4 0,1M. Giá trị của V là :', 2, 4, 'Đại cương kim loại '),
(317, 'Cho 1,8 gam fructozơ (C6H12O6) tác dụng hết với lượng dư dung dịch AgNO3 trong NH3, thu được m gam Ag. Giá trị của m là :', 2, 4, 'Amin – Amino axit – Peptit – Protein'),
(318, 'Thủy phân este X trong dung dịch NaOH, thu được CH3COONa và C2H5OH. Công thức cấu tạo của X là :', 1, 4, 'Este – Lipit'),
(319, 'Thủy phân hoàn toàn 1 mol peptit mạch hở X, thu được 2 mol Gly, 2 mol Ala và 1 mol Val. Mặt khác, thủy phân không hoàn toàn X, thu được hỗn hợp các amino axit và các peptit (trong đó có Gly-Ala-Val). Số công thức cấu tạo phù hợp với tính chất của X là :', 3, 4, 'Amin – Amino axit – Peptit – Protein'),
(320, 'Hỗn hợp X gồm axit panmitic, axit stearic và triglixerit Y. Đốt cháy hoàn toàn m gam X thu được 1,56 mol CO2 và 1,52 mol H2O. Mặt khác, m gam X tác dụng vừa đủ với 0,09 mol NaOH trong dung dịch, thu được glixerol và dung dịch chỉ chứa a gam hỗn hợp muối natri panmitat, natri stearat. Giá trị của a là', 3, 4, 'Amin – Amino axit – Peptit – Protein'),
(321, 'Hấp thụ hoàn toàn 3,36 lít CO2 (đktc) vào dung dịch chứa a mol NaOH và b mol Na2CO3, thu được dung dịch X. Chia X thành hai phần bằng nhau. Cho từ từ phần một vào 120 ml dung dịch HCl 1M, thu được 2,016 lít CO2 (đktc). Cho phần hai phản ứng hết với dung dịch Ba(OH)2 dư, thu được 29,55 gam kết tủa. Tỉ lệ a : b tương ứng là :', 3, 4, 'Tổng hợp hóa hữu cơ / Vô cơ'),
(322, 'Cho các chất: Fe, CrO3, Fe(NO3)2, FeSO4, Cr(OH)3, Na2Cr2O7. Số chất phản ứng được với dung dịch NaOH là :', 1, 4, 'Sắt Crom – Hợp chất của nó   '),
(323, 'Thực hiện các thí nghiệm sau:\r\n(a) Cho dung dịch HCl vào dung dịch Fe(NO3)2.\r\n(b) Cho FeS vào dung dịch HCl.\r\n(c) Cho Al vào dung dịch NaOH.\r\n(d) Cho dung dịch AgNO3 vào dung dịch FeCl3.\r\n(e) Cho dung dịch NaOH vào dung dịch NaHCO3.\r\n(g) Cho kim loại Cu vào dung dịch FeCl3. Số thí nghiệm có xảy ra phản ứng là :', 3, 4, 'Phân biệt - nhận biết'),
(324, 'Cho các phát biểu sau:\n(a) Đipeptit Gly-Ala có phản ứng màu biure.\n(b) Dung dịch axit glutamic đổi màu quỳ tím thành xanh.\n(c) Metyl fomat và glucozơ có cùng công thức đơn giản nhất.\n(d) Metylamin có lực bazơ mạnh hơn amoniac.\n(e) Saccarozơ có phản ứng thủy phân trong môi trường axit.\n(g) Metyl metacrylat làm mất màu dung dịch brom. Số phát biểu đúng là\n', 3, 4, 'Phân biệt - nhận biết'),
(325, 'Tiến hành các thí nghiệm sau:\r\n(a) Điện phân MgCl2 nóng chảy.\r\n(b) Cho dung dịch Fe(NO3)2 vào dung dịch AgNO3 dư.\r\n(c) Nhiệt phân hoàn toàn CaCO3.\r\n(d) Cho kim loại Na vào dung dịch CuSO4 dư.\r\n(e) Dẫn khí H2 dư đi qua bột CuO nung nóng.\r\nSau khi các phản ứng kết thúc, số thí nghiệm thu được kim loại là :', 3, 4, 'Phân biệt - nhận biết'),
(326, 'Cho 4,32 gam hỗn hợp X gồm Mg và Fe tác dụng với V lít (đktc) hỗn hợp khí Y gồm Cl2  và O2 (có tỉ khối so với H2 bằng 32,25), thu được hỗn hợp rắn Z. Cho Z vào dung dịch HCl, thu  được 1,12 gam một kim loại không tan, dung dịch T và 0,224 lít khí H2 (đktc). Cho T vào dung dịch AgNO3 dư, thu được 27,28 gam kết tủa. Biết các phản ứng xảy ra hoàn toàn. Giá trị của V là', 4, 4, 'Kim loại kiềm – kiềm thổ - nhôm '),
(327, 'Hỗn hợp E gồm bốn este đều có công thức C8H8O2 và có vòng benzen. Cho 16,32 gam E tác dụng tối đa với V ml dung dịch NaOH 1M (đun nóng), thu được hỗn hợp X gồm các ancol và 18,78 gam hỗn hợp muối. Cho toàn bộ X vào bình đựng kim loại Na dư, sau khi phản ứng kết thúc khối lượng chất rắn trong bình tăng 3,83 gam so với ban đầu. Giá trị của V là :', 4, 4, 'Este – Lipit'),
(328, 'Hỗn hợp E gồm: X, Y là hai axit đồng đẳng kế tiếp; Z, T là hai este (đều hai chức, mạch  hở; Y và Z là đồng phân của nhau; MT – MZ = 14). Đốt cháy hoàn toàn 12,84 gam E cần vừa đủ  0,37 mol O2, thu được CO2 và H2O. Mặt khác, cho 12,84 gam E phản ứng vừa đủ với 220 ml dung dịch NaOH 1M. Cô cạn dung dịch sau phản ứng, thu được hỗn hợp muối khan G của các axit cacboxylic và 2,8 gam hỗn hợp ba ancol có cùng số mol. Khối lượng muối của axit có phân tử khối lớn nhất trong G là :', 4, 4, 'Andehit  – Axit cacboxylic'),
(329, 'Hỗn hợp E gồm chất X (CmH2m+4O4N2, là muối của axit cacboxylic hai chức) và chất Y (CnH2n+3O2N, là muối của axit cacboxylic đơn chức). Đốt cháy hoàn toàn 0,1 mol E cần vừa đủ  0,26 mol O2, thu được N2, CO2 và 0,4 mol H2O. Mặt khác, cho 0,1 mol E tác dụng hết với dung  dịch NaOH, cô cạn dung dịch sau phản ứng, thu được hỗn hợp hai chất  khí đều làm xanh quỳ tím  ẩm và a gam hỗn hợp hai muối khan. Giá trị của a là :', 4, 4, 'Andehit  – Axit cacboxylic'),
(330, 'Điện phân dung dịch X gồm CuSO4 và KCl với điện cực trơ, màng ngăn xốp, cường độ dòng điện không đổi I = 2A. Sau 4825 giây, thu được dung dịch Y (vẫn còn màu xanh) và 0,04 mol hỗn hợp khí ở anot. Biết Y tác dụng tối đa với 0,06 mol KOH trong dung dịch. Mặt khác, nếu điện phân X trong thời gian t giây thì thu được 0,09 mol hỗn hợp khí ở hai điện cực. Giả thiết hiệu suất điện phân là 100%, các khí sinh ra không tan trong nước và nước không bay hơi trong quá trình điện phân. Giá trị của t là :', 2, 4, 'Sự điện li'),
(331, 'Hòa tan hết 31,36 gam hỗn hợp rắn X gồm Mg, Fe, Fe3O4 và FeCO3 vào dung dịch chứa H2SO4 và NaNO3, thu được 4,48 lít (đktc) hỗn hợp khí Y (gồm CO2, NO, N2, H2) có khối lượng 5,14 gam và dung dịch Z chỉ chứa các muối trung hòa. Dung dịch Z phản ứng tối đa với 1,285 mol NaOH, thu được 46,54 gam kết tủa và 0,56 lít khí (đktc). Nếu cho Z tác dụng với dung dịch BaCl2  dư thì thu được 166,595 gam kết tủa. Biết các phản ứng xảy ra hoàn toàn. Phần trăm khối lượng Fe3O4 trong X là :', 3, 4, 'Tổng hợp hóa hữu cơ / Vô cơ'),
(332, 'Cho X, Y, Z là ba peptit mạch hở (có số nguyên tử cacbon trong phân tử tương ứng là 5, 7, 11); T là este no, đơn chức, mạch hở. Chia 268,32 gam hỗn hợp E gồm X, Y, Z, T thành hai phần bằng nhau. Đốt cháy hoàn toàn phần một cần vừa đủ 7,17 mol O2. Thủy phân hoàn toàn phần hai bằng dung dịch NaOH vừa đủ, thu được ancol etylic và hỗn hợp G (gồm bốn muối của Gly, Ala, Val và axit cacboxylic). Đốt cháy hoàn toàn G, thu được Na2CO3, N2, 2,58 mol CO2 và 2,8 mol H2O. Phần trăm khối lượng của Y trong E là :', 4, 4, 'Amin – Amino axit – Peptit – Protein'),
(333, 'Hỗn hợp X gồm Al, Ba, Na và K. Hòa tan hoàn toàn m gam X vào nước dư, thu được dung dịch Y và 0,0405 mol khí H2. Cho từ từ đến hết dung dịch chứa 0,018 mol H2SO4 và 0,03 mol HCl vào Y, thu được 1,089 gam hỗn hợp kết tủa và dung dịch Z chỉ chứa 3,335 gam hỗn hợp các muối clorua và muối sunfat trung hòa. Phần trăm khối lượng của kim loại Ba trong X là :', 4, 4, 'Kim loại kiềm – kiềm thổ - nhôm '),
(334, 'Chất X có công thức cấu tạo CH3CH2COOCH3. Tên gọi của X là:', 1, 4, 'Phân biệt - nhận biết'),
(335, 'Metylamin tác dụng được với dung dịch nào sau đây?', 1, 4, 'Amin – Amino axit – Peptit – Protein'),
(336, 'Hợp chất X là một este đơn chức chứa 37,21% oxi về khối lượng. Công thức cấu tạo thu gọn có thể của X là:', 1, 4, 'Este – Lipit'),
(337, 'Cacbohiđrat nào sau đây thuộc loại đisaccarit?', 2, 4, 'Cacbohidrat'),
(338, 'Đồng phân của glucozơ là:', 1, 4, 'Amin – Amino axit – Peptit – Protein'),
(339, 'Phản ứng nào sau đây dùng để chứng minh trong công thức cấu tạo của glucozơ có nhóm –CHO?', 1, 4, 'Amin – Amino axit – Peptit – Protein'),
(340, 'Đun nóng m gam glucozơ với dung dịch AgNO3 trong NH3 dư, phản ứng xảy ra hoàn toàn thu được 43,2 gam kết tủa Ag. Giá trị m là:', 2, 4, 'Amin – Amino axit – Peptit – Protein'),
(341, 'Cho m gam glyxin phản ứng hoàn toàn với dung dịch NaOH dư, thu được dung dịch chứa 77,6 gam muối. Giá trị của m là:', 2, 4, 'Amin – Amino axit – Peptit – Protein'),
(342, 'Chất béo là trieste của axit béo với:', 1, 4, 'Este – Lipit'),
(343, 'Hợp chất nào dưới đây thuộc loại amino axit?', 1, 4, 'Amin – Amino axit – Peptit – Protein'),
(344, 'Xà phòng hóa hoàn toàn 3,7 gam HCOOC2H5 bằng một lượng dung dịch NaOH vừa đủ. Cô cạn dung dịch sau phản ứng, thu được m gam muối khan. Giá trị của m là:', 3, 4, 'Đại cương hóa hữa cơ – Hidrocacbon'),
(345, 'Dung dịch nào sau đây làm quỳ tím hóa xanh?', 1, 4, 'Phân biệt - nhận biết'),
(346, 'Công thức nào sau đây là của xenlulozơ?', 1, 4, 'Phân biệt - nhận biết'),
(347, 'Đốt cháy hoàn toàn chất hữu cơ nào sau đây (trong O2 dư) thu được sản phẩm có chứa N2?', 1, 4, 'Phân biệt - nhận biết'),
(348, 'Lên men 1,08 kg glucozơ (chứa 20% tạp chất) thu được 0,3312 kg ancol etylic. Hiệu suất của phản ứng là:', 3, 4, 'Tổng hợp hóa hữu cơ / Vô cơ'),
(349, 'Một este có công thức phân tử là C4H6O2, khi thủy phân trong môi trường axit thu được anđehit axetic. Công thức cấu tạo thu gọn của este là:', 1, 4, 'Este – Lipit'),
(350, 'Cho 1 ml dung dịch AgNO3 1% vào ống nghiệm sạch, lắc nhẹ, sau đó nhỏ từ từ từng giọt dung dịch NH3 2M cho đến khi kết tủa sinh ra bị hòa tan hết. Nhỏ tiếp 3 – 5 giọt dung dịch X vào ống nghiệm trên, đun nóng nhẹ hỗn hợp trong vài phút, trên thành ống nghiệm xuất hiện lớp bạc sáng. Chất X là:', 3, 4, 'Tổng hợp hóa hữu cơ / Vô cơ'),
(351, 'Cho dãy các chất: glucozơ, fructozơ, xenlulozơ, saccarozơ, tinh bột. Số chất trong dãy tham gia phản ứng tráng gương là:', 2, 4, 'Amin – Amino axit – Peptit – Protein'),
(352, 'Cho các dãy chuyển hóa:\r\nGlyxin + NaOH → A\r\nGlyxin + HCl → B\r\nA + HCl → X.\r\nB + NaOH → Y.\r\nX và Y lần lượt là :', 3, 4, 'Phân biệt - nhận biết'),
(353, 'Tính bazơ của các chất tăng dần theo thứ tự ở dãy nào sau đây?', 1, 4, 'Phân biệt - nhận biết'),
(354, 'Khi xà phòng hóa triglixerit X bằng dung dịch NaOH, đun nóng, thu được sản phẩm gồm glixerol, natri oleat, natri stearat và natri panmitat. Số đồng phân cấu tạo thỏa mãn tính chất trên của X là:', 2, 4, 'Amin – Amino axit – Peptit – Protein'),
(355, 'Khối lượng glucozơ thu được khi thuỷ phân 1 kg khoai chứa 80% tinh bột (hiệu suất đạt 81%) là:', 2, 4, 'Amin – Amino axit – Peptit – Protein'),
(356, 'Cho 5,9 gam amin X (no, đơn chức, mạch hở) tác dụng hết với dung dịch HCl dư, thu được 9,55 gam muối. Số nguyên tử H trong phân tử X là:', 2, 4, 'Amin – Amino axit – Peptit – Protein'),
(357, 'Thủy phân hoàn toàn m gam chất béo bằng dung dịch NaOH đun nóng, thu được 9,2 gam glixerol và 91,8 gam muối. Giá trị của m là:', 3, 4, 'Este – Lipit'),
(358, 'Dãy gồm các dung dịch đều tác dụng với Cu(OH)2 ở nhiệt độ thường là:', 1, 4, 'Phân biệt - nhận biết'),
(359, 'Đốt cháy hoàn toàn một amin no đơn chức, bậc hai, mạch hở X thu được CO2 và H2O theo tỉ lệ số mol tương ứng là 2 : 3. Công thức cấu tạo của X là:', 2, 4, ' Amin – Amino axit – Peptit – Protein'),
(360, 'Phát biểu nào sau đây sai?', 1, 4, 'Phân biệt - nhận biết'),
(361, 'Xà phòng hóa hoàn toàn 22,2 gam hỗn hợp gồm hai este HCOOC2H5 và CH3COOCH3 bằng dung dịch NaOH 1M (vừa đủ) đun nóng. Thể tích dung dịch NaOH cần dùng là:', 3, 4, 'Este – Lipit'),
(362, 'Cho 0,3 mol triolein tác dụng vừa đủ với x mol khí H2, xúc tác Ni đun nóng. Giá trị x là :', 1, 4, 'Tổng hợp hóa hữu cơ / Vô cơ'),
(363, 'Cho 0,2 mol lysin tác dụng với dung dịch HCl dư. Sau khi phản ứng xảy ra hoàn toàn, khối lượng muối thu được là:', 1, 4, 'Tổng hợp hóa hữu cơ / Vô cơ'),
(364, 'Đốt cháy hoàn toàn 0,5 mol hỗn hợp X (gồm một amino axit Y có một nhóm amino và một este Z no, đơn chức, mạch hở) thu được 26,88 lít CO2 (đktc) và 23,4 gam H2O. Mặt khác, 0,45 mol X phản ứng vừa đủ với dung dịch chứa m gam HCl. Giá trị của m là:', 3, 4, 'Tổng hợp hóa hữu cơ / Vô cơ'),
(365, 'Phát biểu nào sau đây sai?', 1, 4, 'Phân biệt - nhận biết'),
(366, 'Đốt cháy hoàn toàn hỗn hợp X (gồm glucozơ, fructozơ và tinh bột) cần 3,36 lít O2 (đktc). Dẫn toàn bộ sản phẩm cháy qua bình đựng dung dịch Ca(OH)2 dư, sau khi phản ứng hoàn toàn thu được m gam kết tủa. Giá trị của m là:', 3, 4, 'Tổng hợp hóa hữu cơ / Vô cơ'),
(367, 'Đốt cháy hoàn toàn 0,15 mol một este M đơn chức cần dùng vừa đủ V lít khí O2 (đktc) thu được 13,44 lít CO2 (đktc) và 8,1 gam H2O. Giá trị của V là:', 3, 4, 'Este – Lipit'),
(368, 'Trong các phản ứng sau, phản ứng nào không thu được ancol?', 3, 4, 'Ancol – Phenol'),
(369, 'Phát biểu nào sau đây đúng?', 1, 4, 'Phân biệt - nhận biết'),
(370, 'Phát biểu nào sau đây sai?', 1, 4, 'Phân biệt - nhận biết'),
(371, 'Cho các phát biểu sau:\n(a) Thành phần chính của tinh bột là amilozơ và amilopectin.\n(b) Các gốc α–glucozơ trong mạch amilopectin liên kết với nhau bởi liên kết α–1,4–glicozit và α–1,6– glicozit.\n(c) Tinh bột và xenlulozơ đều là polime có cấu trúc mạch không phân nhánh.\n(d) Xenlulozơ là nguyên liệu để điều chế thuốc súng không khói, sản xuất tơ visco và tơ axetat.\n(e) Nhỏ vài giọt dung dịch iot vào nhúm bông sẽ thấy nhúm bông chuyển thành màu xanh tím.\n(g) Các hợp chất glucozơ, fructozơ, saccarozơ, tinh bột, xenlulozơ đều chứa nhóm –OH trong phân tử.\nSố phát biểu đúng là\n', 3, 4, 'Phân biệt - nhận biết'),
(372, 'Đốt cháy hoàn toàn 4,02 gam hỗn hợp X gồm axit acrylic, vinyl axetat và metyl metacrylat. Cho toàn bộ sản phẩm cháy lần lượt vào bình (1) đựng dung dịch H2SO4 đặc dư, bình (2) đựng dung dịch Ba(OH)2 dư. Thấy khối lượng bình (1) tăng thêm m gam, bình (2) thu được 35,46 gam kết tủa. Giá trị của m là:', 4, 4, 'Andehit  – Axit cacboxylic'),
(373, 'Tiến hành thí nghiệm điều chế etyl axetat theo các bước sau đây:\nBước 1: Cho 1 ml C2H5OH, 1 ml CH3COOH và vài giọt dung dịch H2SO4 đặc vào ống nghiệm.\nBước 2: Lắc đều ống nghiệm, đun cách thủy (trong nồi nước nóng) khoảng 5 phút.\nBước 3: Làm lạnh, sau đó rót 2 ml dung dịch NaCl bão hòa vào ống nghiệm.\nPhát biểu nào sau đây sai?\n', 3, 4, 'Phân biệt - nhận biết'),
(374, 'Thành phần chính trong muối ăn là', 1, 4, 'Phân biệt - nhận biết'),
(375, '\r\nCho các cặp chất sau phản ứng với nhau:\r\n(a) FeS + HCl(b) (NH4)2S + H2SO4\r\n(c) Na2S + HCl(d) CuS + H2SO4 loãng\r\nSố cặp chất có phương trình ion thu gọn 2H+ + S2- → H2S là :', 3, 4, 'Phân biệt - nhận biết'),
(376, 'Tristearin có công thức là', 1, 4, ' Amin – Amino axit – Peptit – Protein'),
(377, 'Trong các chất dưới đây, chất nào có lực bazơ yếu nhất ?', 1, 4, 'Phân biệt - nhận biết'),
(378, 'Chất hữu cơ đơn chức, mạch hở X, X dễ bay hơi và ít tan trong nước có tỉ khối so với oxi bằng 1,875. Công thức cấu tạo của X là', 2, 4, 'Đại cương hóa hữa cơ – Hidrocacbon'),
(379, 'Sắt bị thụ động trong dung dịch', 1, 4, 'Phân biệt - nhận biết'),
(380, 'Hợp chất hữu cơ X có công thức phân tử C4H6O2. Khi thủy phân trong axit thu được 2 chất hữu cơ Y và Z đều tham gia phản ứng tráng gương với AgNO3/NH3. Y là', 2, 4, 'Đại cương hóa hữa cơ – Hidrocacbon'),
(381, 'Trong các ion sau: Fe3+, Fe2+, Cu2+, Zn2+, ion có tính oxi hóa yếu nhất là', 2, 4, 'Đại cương kim loại '),
(382, 'Tính chất vật lí nào sau đây của sắt không đúng?', 1, 4, 'Đại cương kim loại '),
(383, 'Polime nào sau đây được ứng dụng để chế tạo tơ sợi?', 1, 4, 'Polime'),
(384, 'Để chứng minh trong phân tử glucozơ có nhiều nhóm hiđroxyl (-OH), người ta cho ', 1, 4, 'Phân biệt - nhận biết'),
(385, 'Đốt cháy Fe trong khí Cl2 thu được chất rắn X. X hòa tan hoàn toàn trong nước thu được dung dịch Y. Điều khẳng định này sau đây sai?', 1, 4, 'Phân biệt - nhận biết'),
(386, 'Hiđrocacbon nào sau đây là hiđrocacbon thơm?', 2, 4, 'Đại cương hóa hữa cơ – Hidrocacbon'),
(387, 'Cho lần lượt khí CO2, dung dịch HCl, dung dịch KOH, dung dịch KHSO4 vào dung dịch NaAlO2, số trường hợp có xảy ra phản ứng hóa học là', 3, 4, 'Phân biệt - nhận biết'),
(388, 'Đốt cháy hoàn toàn 8,88 gam este no, đơn chức mạch hở X thu được 8,064 lít CO2 (đktc). Công thức phân tử của X là', 3, 4, 'Este – Lipit'),
(389, 'Phát biểu nào sau đây sai?', 1, 4, 'Phân biệt - nhận biết'),
(390, 'Kim loại có tính dẫn điện tốt hơn Au nhưng kém hơn Ag là', 1, 4, 'Đại cương kim loại '),
(391, 'Nhận định nào sau đây đúng?', 1, 4, 'Phân biệt - nhận biết'),
(392, 'Cho dung dịch KOH vào dung dịch Fe2(SO4)3 thu được kết tủa màu', 1, 4, 'Phân biệt - nhận biết'),
(393, 'Cho các chất sau: Than hoạt tính, kim cương, thạch anh, than chì, fuleren, teflon và than đá. Số chất được tạo thành từ dạng thù hình của nguyên tố cacbon là', 3, 4, 'Phân biệt - nhận biết'),
(394, 'Kim loại natri tác dụng với O2 khô thu được natri peoxit. Công thức phân tử của natri peoxit là', 1, 4, 'Phân biệt - nhận biết'),
(395, 'Chất nào sau đây làm mềm được nước cứng tạm thời nhưng không làm mềm được nước cứng vĩnh cửu?', 1, 4, 'Phân biệt - nhận biết'),
(396, 'Cho các muối sau: NaHCO3, CaCO3, FeCO3, Ba(HCO3)2, số muối bị nhiệt phân là', 3, 4, 'Phân biệt - nhận biết'),
(397, 'Cho các chất sau: metan, etilen, benzen, toluen, stiren. Số chất có khả năng tham gia trùng hợp tạo thành polime là', 2, 4, 'Polime'),
(398, 'Nung nóng 18,80 gam Cu(NO3)2, sau một thời gian dừng lại, để nguội, đem cân chất rắn còn lại thu được 17,18 gam. Thể tích khí thoát ra ở đktc là', 3, 4, 'Tổng hợp hóa hữu cơ / Vô cơ'),
(399, 'Xà phòng hoá hoàn toàn 17,24 gam chất béo cần vừa đủ 0,06 mol NaOH. Cô cạn dung dịch sau phản ứng, khối lượng xà phòng thu được là', 3, 4, 'Este – Lipit'),
(400, 'Axit X đơn chức tác dụng với ancol Y đơn chức thu được thu được este Z mạch hở. Đốt cháy hoàn toàn 1 mol Z thu được 4 mol CO2. Số cặp chất X, Y thỏa mãn điều kiện trên là', 3, 4, 'Phân biệt - nhận biết'),
(401, 'Cho 11,25 gam glyxin vào 500 ml dung dịch HCl 0,5M thu được dung dịch X, thêm vào dung dịch X 800 ml dung dịch KOH 0,5M thu được dung dịch Y. Cô cạn dung dịch Y thu được chất rắn. Khối lượng chất rắn thu được là', 3, 4, 'Tổng hợp hóa hữu cơ / Vô cơ'),
(402, 'Hấp thụ hoàn toàn một lượng anken X vào bình đựng nước brom thì thấy khối lượng bình tăng 5,6 gam và có 16 gam Br2 tham gia phản ứng. Số đồng phân cấu tạo của X là', 3, 4, 'Đại cương hóa hữa cơ – Hidrocacbon'),
(403, 'Cho 18,3 gam phenyl fomat vào 700 ml dung dịch NaOH 0,5M thu được dung dịch X. Cô cạn cẩn thận dung dịch X thu được chất rắn có khối lượng là', 3, 4, 'Tổng hợp hóa hữu cơ / Vô cơ'),
(404, 'Cho m gam hỗn hợp gồm phenol và ancol etylic tham gia phản ứng hết với 300 ml dung dịch brom 1,5M. Cũng hỗn hợp trên khi phản ứng với Na thì thu được 3,36 lit khí (đktc). Khối lượng m ban đầu là', 3, 4, 'Ancol – Phenol'),
(405, 'Cho hỗn hợp gồm FeO, Fe3O4, FeCO3 (số mol bằng nhau) tác dụng với dung dịch H2SO4 đặc, nóng dư thu được hỗn hợp khí có tỉ khối so với H2 bằng x. Biết SO2 là sản phẩm khử duy nhất. Giá trị của x là', 3, 4, 'Tổng hợp hóa hữu cơ / Vô cơ'),
(406, 'Cho các phát biểu sau:\n(a) Al(OH)3 và Al2O3 là các chất lưỡng tính.\n(b) Phương pháp trao đổi ion làm mềm được nước cứng toàn phần.\n(c) FeCl3 vừa có tính khử vừa có tính oxi hóa.\n(d) Điện phân dung dịch MgCl2 thu được kết tủa bên catot.\nSố phát biểu đúng là\n', 3, 4, 'Phân biệt - nhận biết'),
(407, 'Cho 14 gam Zn, Al, Mg tác dụng với O2 thu được 15,92 gam hỗn hợp X. X tác dụng vừa đủ với dung dịch HCl 1M, H2SO4 0,5M thu được dung dịch Y và 3,584 lít khí H2(đktc). Cô cạn dung dịch Y thì khối lượng muối khan thu được là', 3, 4, 'Đại cương kim loại '),
(408, 'Cho các nhận định sau:\n(a) Alanin làm quỳ tím hóa đỏ.\n(b) Đipeptit có phản ứng màu biure với Cu(OH)2.\n(c) Liên kết peptit là liên kết -CO-NH- giữa 2 đơn vị amino axit.\n(d) Axit ε – amino caproic là nguyên liệu để sản xuất nilon – 6.\n(e) C6H5-NH-CH3 là amin bậc 2.\nSố nhận định đúng là\n', 3, 4, 'Phân biệt - nhận biết'),
(409, 'Hỗn hợp E gồm chất X (CnH2n+4O4N2) và chất Y (CmH2m+3O2N) đều là các muối amoni của axit cacboxylic với amin. Cho 0,12 mol E tác dụng vừa đủ với dung dịch NaOH, đun nóng, thu được sản phẩm hữu cơ gồm một muối và 7,15 gam hỗn hợp hai amin. Mặt khác, nếu đốt cháy hoàn toàn 0,12 mol E cần vừa đủ 0,9225 mol O2, thu được H2O, N2 và 0,67 mol CO2. Cho các phát biểu sau:\n(a) Hai amin trên có cùng số nguyên tử cacbon.\n(b) Muối thu được là (COONa)2.\n(c) X có 2 đồng phân cấu tạo\n(d) Y có 4 đồng phân cấu tạo.\nSố phát biểu đúng là\n', 3, 4, 'Tổng hợp hóa hữu cơ / Vô cơ'),
(410, 'Este X có CTPT C10H6O4 và không chứa nhóm chức nào khác. Biết 1 mol X tác dụng tối đa với 4 mol NaOH thu được 3 muối Y, Z, T (biết MY < MZ < MT). Cho các phát biểu sau:\n(a) Có 3 công thức cấu tạo thỏa mãn điều kiện của X.\n(b) Y tác dụng được với dung dịch AgNO3/NH3.\n(c) Z tác dụng được với dung dịch AgNO3/NH3.\n(d) T là hợp chất hữu cơ tạp chức.\nSố phát biểu đúng là\n', 4, 4, 'Este – Lipit'),
(411, 'Hỗn hợp X gồm 2 este mạch hở và phân tử khối đều nhỏ hơn 150. Đốt cháy hoàn toàn 12,52 gam X cần 9,184 lít khí O2 (đktc) thu được CO2 và 5,4 gam H2O. Mặt khác cho 12,52 gam X tác dụng hết với 300 ml dung dịch NaOH 1M, chưng cất hỗn hợp sau phản ứng thu được phần hơi chứa 1 ancol duy nhất và chất rắn khan Y. Đốt cháy hoàn toàn Y thu được Na2CO3, CO2 và 0,9 gam H2O. Phần trăm khối lượng este có phân tử khối lớn hơn trong X có giá trị gần nhất với', 3, 4, 'Este – Lipit');

-- --------------------------------------------------------

--
-- Table structure for table `cautruc`
--

CREATE TABLE `cautruc` (
  `DoKho` int(5) NOT NULL,
  `NhomCH` varchar(70) CHARACTER SET utf8 COLLATE utf8_unicode_ci NOT NULL,
  `IDMH` int(5) DEFAULT NULL,
  `Soluong` int(5) DEFAULT NULL
) ENGINE=InnoDB DEFAULT CHARSET=latin1;

--
-- Dumping data for table `cautruc`
--

INSERT INTO `cautruc` (`DoKho`, `NhomCH`, `IDMH`, `Soluong`) VALUES
(1, 'Este – Lipit', 4, 1),
(2, 'Đại cương hóa hữa cơ – Hidrocacbon', 4, 1),
(3, 'Đại cương hóa hữa cơ – Hidrocacbon', 4, 2),
(4, 'Este – Lipit', 4, 1);

-- --------------------------------------------------------

--
-- Table structure for table `dapan`
--

CREATE TABLE `dapan` (
  `ID` int(11) NOT NULL,
  `IDCH` int(11) DEFAULT NULL,
  `NoiDung` text COLLATE utf8_unicode_ci,
  `DapAn` tinyint(1) DEFAULT NULL
) ENGINE=InnoDB DEFAULT CHARSET=utf8 COLLATE=utf8_unicode_ci;

--
-- Dumping data for table `dapan`
--

INSERT INTO `dapan` (`ID`, `IDCH`, `NoiDung`, `DapAn`) VALUES
(1, 64, '40', 0),
(2, 64, '30', 0),
(3, 64, '25', 0),
(4, 64, '20', 1),
(5, 65, 'BaCL2', 0),
(6, 65, 'NaOH', 0),
(7, 65, 'Ba(OH)2', 1),
(8, 65, 'AgNO3', 0),
(9, 66, 'Không có chất nào', 0),
(10, 66, 'Axít HNO3 đặc nóng', 0),
(11, 66, 'Dung dịch H2SO4 đặc nóng', 0),
(12, 66, 'Hỗn hợp axit HNO3 và HCL có tỉ lệ mol 1:3', 1),
(13, 67, '2M', 0),
(14, 67, '1.125M', 0),
(15, 67, '0.5M', 0),
(16, 67, '1M', 1),
(17, 68, 'Cu,Al2O3,Mg', 0),
(18, 68, 'Cu,Al,MgO', 0),
(19, 68, 'Cu,Al,Mg', 0),
(20, 68, 'Cu,Al2O3,MgO', 1),
(21, 69, '0.54 gam', 0),
(22, 69, '0.108 gam', 0),
(23, 69, '0.216 gam', 1),
(24, 69, '1.080 gam', 0),
(25, 70, 'dd BaCl2', 0),
(26, 70, 'dd NaOH', 1),
(27, 70, 'dd CH3COOAg', 0),
(28, 70, 'quỳ tím', 0),
(29, 71, 'quặng đôlômít', 0),
(30, 71, 'quặng boxit', 1),
(31, 71, 'quặng manherit', 0),
(32, 71, 'quặng pirit', 0),
(33, 72, 'ns^1np^2', 0),
(34, 72, 'ns^2', 1),
(35, 72, 'np^2', 0),
(36, 72, 'ns^1sp^1', 0),
(37, 73, '16.2', 0),
(38, 73, '42.12', 1),
(39, 73, '32.4', 0),
(40, 73, '48.6', 0),
(41, 74, 'Cl2,Fe,HNO3', 0),
(42, 74, 'Cl2,Cu,HNO3', 0),
(43, 74, 'Cl2,Fe,AgNO3', 0),
(44, 74, 'HCl,Cl2,AgNO3', 1),
(45, 75, 'dd Ba(OH)2', 0),
(46, 75, 'H2O', 0),
(47, 75, 'dd Br2', 1),
(48, 75, 'dd NaOH', 0),
(49, 76, '1.12', 0),
(50, 76, '3.36', 1),
(51, 76, '2.24', 0),
(52, 76, '4.48', 0),
(53, 77, 'dd BaCl2', 0),
(54, 77, 'quỳ tím ẩm', 1),
(55, 77, 'dd Ca(OH)2', 0),
(56, 77, 'dd HCl', 0),
(57, 78, 'Fe2O3', 1),
(58, 78, 'CrO3', 0),
(59, 78, 'FeO', 0),
(60, 78, 'Fe2O3 và Cr2O3', 0),
(61, 79, '2.24', 1),
(62, 79, '3.36', 0),
(63, 79, '4.48', 0),
(64, 79, '6.72', 0),
(65, 80, 'Fe và Au ', 0),
(66, 80, 'Al và Ag', 0),
(67, 80, 'Cr và Hg', 0),
(68, 80, 'Al và Fe', 1),
(69, 81, '26Fe2 Ar 3d4 4s2 ', 0),
(70, 81, '26Fe3 Ar 3d5 ', 1),
(71, 81, '26Fe2 Ar 4s2 3d4 ', 0),
(72, 81, '26Fe Ar 4s1 3d7 ', 0),
(73, 82, '4', 0),
(74, 82, '3', 1),
(75, 82, '2', 0),
(76, 82, '1', 0),
(77, 83, 'II,III,IV', 0),
(78, 83, 'I,III,IV', 1),
(79, 83, 'I,II,III', 0),
(80, 83, 'I,II,IV', 0),
(81, 84, 'Alanin', 0),
(82, 84, 'Anilin', 0),
(83, 84, 'Metyamin', 1),
(84, 84, 'Glyxin', 0),
(85, 85, '(2),(3),(4)', 0),
(86, 85, '(3),(4)', 0),
(87, 85, '(1),(2),(3)', 0),
(88, 85, '(2),(3)', 1),
(89, 86, 'Ca(HCO3)2,MgCl2', 0),
(90, 86, 'Mg(HCO3)2,CaCL2', 0),
(91, 86, 'Ca(HCO3)2,Mg(HCO3)2', 1),
(92, 86, 'CaSO4,MgCL2', 0),
(93, 87, '1', 0),
(94, 87, '4', 0),
(95, 87, '3', 0),
(96, 87, '2', 1),
(97, 88, 'axit axetic', 0),
(98, 88, 'Ala-Ala-Gly', 0),
(99, 88, 'glucozo', 0),
(100, 88, 'Phenol', 1),
(101, 89, 'hai liên kết peptit, ba gốc β-aminoaxit', 0),
(102, 89, 'hai liên kết peptit, ba gốc α-aminoaxit', 1),
(103, 89, 'ba liên kết peptit, hai gốc α-aminoaxit', 0),
(104, 89, 'ba liên kết peptit, ba gốc α-aminoaxit', 0),
(105, 90, 'proton và electron', 0),
(106, 90, 'electron', 0),
(107, 90, 'proton ', 1),
(108, 90, 'proton và notron', 0),
(109, 91, '[C6H7O3(OH)2]n. ', 0),
(110, 91, '[C6H5O2(OH)3]n', 0),
(111, 91, '[C6H7O2(OH)3]n', 1),
(112, 91, '[C6H8O2(OH)3]n', 0),
(113, 92, 'nilon-6.6', 1),
(114, 92, 'polietilen', 0),
(115, 92, 'poli(metyl metacrylat)', 0),
(116, 92, 'poli(vinyl clorua)', 0),
(117, 93, '3.36', 1),
(118, 93, '2.52', 0),
(119, 93, '4.2', 0),
(120, 93, '2.72', 0),
(121, 94, '80', 0),
(122, 94, '75', 1),
(123, 94, '33.33', 0),
(124, 94, '40', 0),
(125, 95, '44.01', 0),
(126, 95, '41.07', 1),
(127, 95, '46.94', 0),
(128, 95, '35.2', 0),
(129, 96, '6', 0),
(130, 96, '5', 0),
(131, 96, '8', 0),
(132, 96, '7', 1),
(133, 97, '40.8', 0),
(134, 97, '53.6', 1),
(135, 97, '20.4', 0),
(136, 97, '40', 0),
(137, 98, '47.477', 0),
(138, 98, '43.931', 0),
(139, 98, '42.158', 0),
(140, 98, '45.704', 1),
(141, 99, '116.89', 1),
(142, 99, '118.64', 0),
(143, 99, '116.31', 0),
(144, 99, '11.39', 0),
(145, 100, '0.413', 0),
(146, 100, '0.435', 0),
(147, 100, '0.48', 0),
(148, 100, '0.463', 1),
(149, 101, '8', 0),
(150, 101, '12', 0),
(151, 101, '4', 1),
(152, 101, '6', 0),
(153, 102, '10.88', 0),
(154, 102, '14.72', 0),
(155, 102, '12.48', 1),
(156, 102, '13.12', 0),
(157, 103, '60.272', 0),
(158, 103, '51.242', 0),
(159, 103, '46.888', 1),
(160, 103, '62.124', 0),
(161, 104, 'NaOH', 1),
(162, 104, 'KCl', 0),
(163, 104, 'MgCl2', 0),
(164, 104, 'NaNO3', 0),
(165, 105, 'CrS3', 0),
(166, 105, 'Cr2(SO4)3', 0),
(167, 105, 'Cr2S3', 1),
(168, 105, 'CrSO4', 0),
(169, 106, 'CH3NH2', 0),
(170, 106, 'NaOH', 0),
(171, 106, 'H2NCH2COOH', 1),
(172, 106, 'HCl', 0),
(173, 107, 'To nitron', 0),
(174, 107, 'Tơ capron', 0),
(175, 107, 'To tằm', 0),
(176, 107, 'Tơ xenlulozơ ', 1),
(177, 108, 'Cl2', 0),
(178, 108, 'CH4', 1),
(179, 108, 'CO2', 0),
(180, 108, 'N2', 0),
(181, 109, 'CaO', 1),
(182, 109, 'CaSO4', 0),
(183, 109, 'CaCl2', 0),
(184, 109, 'Ca(NO3)2', 0),
(185, 110, 'CHCOOH', 0),
(186, 110, 'C17H33COOH', 1),
(187, 110, 'HCOOH', 0),
(188, 110, 'CH3COOH', 0),
(189, 111, 'Cu', 1),
(190, 111, 'Na', 0),
(191, 111, 'Ca', 0),
(192, 111, 'Mg', 0),
(193, 112, 'Al', 0),
(194, 112, 'Ag', 1),
(195, 112, 'Zn', 0),
(196, 112, 'Mg', 0),
(197, 113, 'Cu', 0),
(198, 113, 'Fe', 0),
(199, 113, 'Na', 1),
(200, 113, 'Al', 0),
(201, 114, 'FeSO4', 0),
(202, 114, 'FeCl2', 0),
(203, 114, 'FeCl3', 1),
(204, 114, 'Fe2(SO4)3', 0),
(205, 115, 'Fructozơ', 0),
(206, 115, 'Glucozơ', 0),
(207, 115, 'Saccarozơ', 0),
(208, 115, 'Tinh bột.', 1),
(209, 116, 'Đimetylamin có công thức CH3CH2NH2', 0),
(210, 116, 'Glyxin là hợp chất có tính lưỡng tính.', 1),
(211, 116, 'Phân tử Gly-Ala-Val có 6 nguyên tử oxi', 0),
(212, 116, 'Valin tác dụng với dung dịch Br2 tạo kết tủa.', 0),
(213, 117, 'Tơ tằm thuộc loại tơ nhân tạo.', 0),
(214, 117, 'PVC được điều chế bằng phản ứng trùng hợp', 0),
(215, 117, 'Amilozơ có cấu trúc mạch phân nhánh.', 0),
(216, 117, 'Tơ visco thuộc loại tơ tổng hợp.', 1),
(217, 118, 'Nhung thành Zn vào dung dịch hỗn hợp gồm CuSO4 và H2SO4', 1),
(218, 118, 'Nhung thanh Cu vào dung dịch HNO3 loãng.', 0),
(219, 118, 'Nhúng thanh Fe vào dung dịch HCl.', 0),
(220, 118, 'Đốt dây Mg trong bình đựng khí O2', 0),
(221, 119, '3,6', 0),
(222, 119, '4,8', 0),
(223, 119, '5,4', 1),
(224, 119, '2,7', 0),
(225, 120, 'NH4Cl và AgNO3', 0),
(226, 120, 'NaOH và H2SO4', 0),
(227, 120, 'Ba(OH)2 và NH4Cl ', 1),
(228, 120, 'Na2CO3 và KOH.', 0),
(229, 121, 'glucozơ và fructozơ', 0),
(230, 121, 'saccarozơ và glucozơ', 0),
(231, 121, 'saccarozơ và xenlulozơ', 0),
(232, 121, 'fructozơ và saccarozơ', 1),
(233, 122, 'HCOOCH', 0),
(234, 122, 'CH3COOC2H5', 1),
(235, 122, 'CHCOOCH3', 0),
(236, 122, 'HCOOCH', 0),
(237, 123, '7', 0),
(238, 123, '9', 0),
(239, 123, '11', 0),
(240, 123, '5', 1),
(241, 124, 'ancol metylic', 0),
(242, 124, 'axit axetic', 0),
(243, 124, 'ancol etylic', 1),
(244, 124, 'anđehit axetic', 0),
(245, 125, '0,1', 0),
(246, 125, '0,5', 0),
(247, 125, '1,0', 1),
(248, 125, '0,2', 0),
(249, 126, '11,2', 0),
(250, 126, '16,8', 1),
(251, 126, '8,4', 0),
(252, 126, '14,0', 0),
(253, 127, 'Cho Fe(OH)2 vào dung dịch H2SO4 loãng', 0),
(254, 127, 'Cho Fe vào dung dịch HCl', 0),
(255, 127, 'Cho Fe vào dung dịch CuSO4.', 0),
(256, 127, 'Đốt cháy Fe trong bình khí Cl2 dư.', 1),
(257, 128, '5', 0),
(258, 128, '3', 1),
(259, 128, '4', 0),
(260, 128, '2', 0),
(261, 129, '118', 1),
(262, 129, '138', 0),
(263, 129, '90', 0),
(264, 129, '146', 0),
(265, 130, '15,6 và 55,4', 0),
(266, 130, '15,6 và 27,7', 1),
(267, 130, '23,4 và 56,3', 0),
(268, 130, '23,4 và 35,9', 0),
(269, 131, '5376', 0),
(270, 131, '6048', 0),
(271, 131, '5824', 1),
(272, 131, '6272', 0),
(273, 132, '18,48', 0),
(274, 132, '17,72', 1),
(275, 132, '16,12', 0),
(276, 132, '18,28', 0),
(277, 133, 'KClO, H2SO4', 0),
(278, 133, 'Ba(HCO3)2, KHSO4', 0),
(279, 133, 'Ba(HCO3)2, H2SO4', 0),
(280, 133, 'KClO, KHSO4', 1),
(281, 134, '9,76', 0),
(282, 134, '9,20', 0),
(283, 134, '9,52', 1),
(284, 134, '9,28', 0),
(285, 135, '5', 1),
(286, 135, '3', 0),
(287, 135, '4', 0),
(288, 135, '2', 0),
(289, 136, '2,77', 0),
(290, 136, '7,57', 0),
(291, 136, '5,97', 0),
(292, 136, '9,17', 1),
(293, 137, '52', 0),
(294, 137, '68', 0),
(295, 137, '71', 0),
(296, 137, '77', 1),
(297, 138, '5', 0),
(298, 138, '4', 0),
(299, 138, '3', 1),
(300, 138, '2', 0),
(301, 139, '75,34%', 0),
(302, 139, '51,37%', 0),
(303, 139, '58,82%', 0),
(304, 139, '45,45%.', 1),
(305, 140, '15,46%', 0),
(306, 140, '61,86%', 1),
(307, 140, '19,07%', 0),
(308, 140, '77,32%.', 0),
(309, 141, '11,12 và 57%,', 0),
(310, 141, '6,95 và 7%', 0),
(311, 141, '6,95 và 14%', 1),
(312, 141, '11,12 và 43%.', 0),
(313, 142, '0,125', 0),
(314, 142, '0,155', 0),
(315, 142, '0,105', 0),
(316, 142, '0,145', 1),
(317, 143, '30,25%', 0),
(318, 143, '81,74%', 0),
(319, 143, '35,97%', 0),
(320, 143, '40,33%.', 1),
(321, 144, 'Saccarozơ', 0),
(322, 144, 'Xenlulozơ', 1),
(323, 144, 'Fructozơ', 0),
(324, 144, 'Glucozơ', 0),
(325, 145, 'K2SO4', 0),
(326, 145, 'NaOH', 0),
(327, 145, 'HCl', 1),
(328, 145, 'KCl', 0),
(329, 146, 'N2', 0),
(330, 146, 'O2', 0),
(331, 146, 'H2', 0),
(332, 146, 'CO2', 1),
(333, 147, 'Tơ tằm', 0),
(334, 147, 'Tơ capron', 1),
(335, 147, 'Tơ xenlulozơ axetat', 0),
(336, 147, 'Tơ visco', 0),
(337, 148, '(C2H5COO)3C3H5', 0),
(338, 148, '(C17H35COO)3C3H5.', 1),
(339, 148, '(CH3COO)3C3H5', 0),
(340, 148, '(HCOO)3C3H5', 0),
(341, 149, 'Cu', 0),
(342, 149, 'Fe', 0),
(343, 149, 'Al', 1),
(344, 149, 'Ag', 0),
(345, 150, 'CrCl2', 1),
(346, 150, 'CrCl3', 0),
(347, 150, 'CrCl6', 0),
(348, 150, 'H2Cr2O7', 0),
(349, 151, 'Muối ăn', 0),
(350, 151, 'Cồn', 0),
(351, 151, 'Nước vôi trong', 0),
(352, 151, 'Giấm ăn', 1),
(353, 152, 'Na2CO3', 0),
(354, 152, 'NaNO3', 0),
(355, 152, 'Al2O3', 1),
(356, 152, 'AlCl3', 0),
(357, 153, 'Sắt (III) sunfat', 1),
(358, 153, 'Sắt (II) sunfat', 0),
(359, 153, 'Sắt (II) sunfua', 0),
(360, 153, 'Sắt (III) sunfua', 0),
(361, 154, 'Fe', 0),
(362, 154, 'Na', 1),
(363, 154, 'Cu', 0),
(364, 154, 'Ag', 0),
(365, 155, 'NaNO3', 0),
(366, 155, 'NaHCO3', 0),
(367, 155, 'Na2CO3', 0),
(368, 155, 'NaOH', 1),
(369, 156, '25,92', 0),
(370, 156, '28,80', 0),
(371, 156, '14,40', 1),
(372, 156, '12,96', 0),
(373, 157, '21,2', 0),
(374, 157, '10,6', 1),
(375, 157, '13,2', 0),
(376, 157, '12,4', 0),
(377, 158, 'Na2CO3 và Ba(HCO3)2', 1),
(378, 158, 'KOH và H2SO4', 0),
(379, 158, 'CuSO4 và HCl', 0),
(380, 158, 'NaHCO3 và HCl', 0),
(381, 159, 'Glyxerol', 0),
(382, 159, 'Saccarozơ', 0),
(383, 159, 'Etylen glycol', 0),
(384, 159, 'Etanol', 1),
(385, 160, '3,20', 0),
(386, 160, '6,40', 0),
(387, 160, '5,12', 0),
(388, 160, '2,56', 1),
(389, 161, 'Nhúng thanh Cu vào dung dịch Fe2(SO4)3', 0),
(390, 161, 'Nhúng thanh Fe vào dung dịch CuCl2', 1),
(391, 161, 'Nhúng dây Mg vào dung dịch HCl', 0),
(392, 161, 'Đốt dây thép trong bình đựng khí Cl2', 0),
(393, 162, 'Amilozơ có cấu trúc mạch phân nhánh', 0),
(394, 162, 'Poliacrylonitrin được điều chế bằng phản ứng trùng ngưng', 0),
(395, 162, 'Polibutađien được dùng để sản xuất cao su buna', 1),
(396, 162, 'Poli(vinyl clorua) được điều chế bằng phản ứng cộng HCl vào etilen', 0),
(397, 163, '7', 1),
(398, 163, '11', 0),
(399, 163, '5', 0),
(400, 163, '9', 0),
(401, 164, 'Cho Fe vào dung dịch HNO3 loãng, dư', 1),
(402, 164, 'Cho FeO vào dung dịch H2SO4 loãng', 0),
(403, 164, 'Cho Fe(OH)2  vào dung dịch HCl dư', 0),
(404, 164, 'Cho Fe vào dung dịch CuCl2', 0),
(405, 165, 'Phân tử axit glutamic có hai nguyên tử oxi', 0),
(406, 165, 'Anilin tác dụng với nước brôm tạo kết tủa', 1),
(407, 165, 'Ở điều kiện thường, glyxin là chất lỏng', 0),
(408, 165, 'Phân tử Gly-Ala có một nguyên tử nitơ', 0),
(409, 166, 'Glucozơ và xenlulozơ', 0),
(410, 166, 'Saccarozơ và tinh bột.', 0),
(411, 166, 'Fructozơ và glucozơ', 0),
(412, 166, 'Glucozơ và saccarozơ', 1),
(413, 167, 'C2H5COOC2H5', 0),
(414, 167, 'CH3COOC2H5', 0),
(415, 167, 'CH3COOCH3', 0),
(416, 167, 'HCOOCH3', 1),
(417, 168, 'KOH, K2CO3', 1),
(418, 168, 'Ba(OH)2, KHCO3', 0),
(419, 168, 'KHCO3, Ba(OH)2', 0),
(420, 168, 'K2CO3, KOH', 0),
(421, 169, '5', 0),
(422, 169, '4', 1),
(423, 169, '3', 0),
(424, 169, '2', 0),
(425, 170, '24,18', 0),
(426, 170, '27,72', 0),
(427, 170, '27,42', 0),
(428, 170, '26,58', 1),
(429, 171, '1,65', 0),
(430, 171, '4,50', 0),
(431, 171, '3,30', 0),
(432, 171, '3,90', 1),
(433, 172, 'Có hai công thức cấu tạo thỏa mãn tính chất của X', 0),
(434, 172, 'Y có phản ứng tráng bạc', 1),
(435, 172, 'Phân tử X chỉ chứa một loại nhóm chức.', 0),
(436, 172, 'Phân tử khối của Z là 94', 0),
(437, 173, '3', 0),
(438, 173, '4', 0),
(439, 173, '5', 1),
(440, 173, '2', 0),
(441, 174, '3,22', 1),
(442, 174, '2,80', 0),
(443, 174, '3,72', 0),
(444, 174, '4,20', 0),
(445, 175, '0,10', 0),
(446, 175, '0,04', 0),
(447, 175, '0,05', 1),
(448, 175, '0,08', 0),
(449, 176, '22,24 và 33,75%', 0),
(450, 176, '22,24 và 66,25%.', 0),
(451, 176, '8,34 và 5,00%.', 0),
(452, 176, '8,34 và 10,00%.', 1),
(453, 177, '63,42%.', 1),
(454, 177, '51,78%.', 0),
(455, 177, '46,63%.', 0),
(456, 177, '47,24%.', 0),
(457, 178, '19,21%.', 1),
(458, 178, '38,43%.', 0),
(459, 178, '13,10%.', 0),
(460, 178, '80,79%.', 0),
(461, 179, '5,54', 0),
(462, 179, '8,74', 0),
(463, 179, '11,94', 1),
(464, 179, '10,77', 0),
(465, 180, '9,74', 0),
(466, 180, '7,50', 1),
(467, 180, '11,44', 0),
(468, 180, '6,96', 0),
(469, 181, '5', 0),
(470, 181, '2', 0),
(471, 181, '3', 1),
(472, 181, '4', 0),
(473, 182, '125,60', 0),
(474, 182, '124,52', 0),
(475, 182, '118,04', 1),
(476, 182, '119,12', 0),
(477, 183, '47,83%.', 0),
(478, 183, '81,52%.', 0),
(479, 183, '60,33%.', 1),
(480, 183, '50,27%.', 0),
(481, 184, 'Glucozơ', 0),
(482, 184, 'Fructozơ', 0),
(483, 184, 'Saccarozơ', 1),
(484, 184, 'Tinh bột', 0),
(485, 185, 'Fe(OH)3', 0),
(486, 185, 'FeO', 1),
(487, 185, 'Fe2O3', 0),
(488, 185, 'Fe(OH)2', 0),
(489, 186, 'NaOH', 1),
(490, 186, 'NaNO3', 0),
(491, 186, 'K2SO4', 0),
(492, 186, 'KCl', 0),
(493, 187, 'NaOH', 1),
(494, 187, 'NaNO3', 0),
(495, 187, 'K2SO4', 0),
(496, 187, 'KCl', 0),
(497, 188, 'CO2', 1),
(498, 188, 'N2', 0),
(499, 188, 'H2O', 0),
(500, 188, 'O2', 0),
(501, 189, 'Tơ nilon-6', 0),
(502, 189, 'Tơ visco', 1),
(503, 189, 'Tơ nilon-6,6', 0),
(504, 189, 'Tơ tằm', 0),
(505, 190, 'Mg(NO3)2', 0),
(506, 190, 'NaCl', 1),
(507, 190, 'BaCl2', 0),
(508, 190, 'CaCO3', 0),
(509, 191, 'NaCl', 0),
(510, 191, 'Na2CO3', 1),
(511, 191, 'NaNO3', 0),
(512, 191, 'Na2SO4', 0),
(513, 192, 'NaCl', 0),
(514, 192, 'KNO3', 0),
(515, 192, 'HCl', 1),
(516, 192, 'MgCl2', 0),
(517, 193, 'Mg', 0),
(518, 193, 'Al', 0),
(519, 193, 'Cu', 1),
(520, 193, 'Fe', 0),
(521, 194, 'Ca', 0),
(522, 194, 'K', 0),
(523, 194, 'Cu', 1),
(524, 194, 'Ba', 0),
(525, 195, '(HCOO)3C3H5', 0),
(526, 195, '(C17H33COO)3C3H5', 1),
(527, 195, '(C2H5COO)3C3H5', 0),
(528, 195, '(CH3COO)C3H5', 0),
(529, 196, 'Phân tử lysin có một nguyên tử nitơ', 0),
(530, 196, 'Dung dịch protein có phản ứng màu biure', 1),
(531, 196, 'Phân tử Gly-Al-Al có ba nguyên tử oxi', 0),
(532, 196, 'Anilin là chất lỏng tan nhiều trong nước', 0),
(533, 197, '36,80', 0),
(534, 197, '10,35', 0),
(535, 197, '27,60', 0),
(536, 197, '20,70', 1),
(537, 198, '8,4 gam', 0),
(538, 198, '7,2 gam', 0),
(539, 198, '4,4 gam', 0),
(540, 198, '5,6 gam', 1),
(541, 199, '9', 0),
(542, 199, '5', 0),
(543, 199, '7', 1),
(544, 199, '11', 0),
(545, 200, 'axit axetic', 0),
(546, 200, 'andehit fomic', 1),
(547, 200, 'glixerol', 0),
(548, 200, 'ancol etylic', 0),
(549, 201, 'glucozơ và sobitol', 0),
(550, 201, 'glucozơ và sobitol', 0),
(551, 201, 'glucozơ và sobitol', 1),
(552, 201, 'saccarozơ và glucozơ', 0),
(553, 202, '5,60', 1),
(554, 202, '1,12', 0),
(555, 202, '2,24', 0),
(556, 202, '2,80', 0),
(557, 203, 'NaOH và Na2CO3', 0),
(558, 203, 'CuSO4 và NaOH', 1),
(559, 203, 'FeCl3 và NaCO3', 0),
(560, 203, 'Cu(NO3)2 và H2SO4', 0),
(561, 204, 'Cho Fe2O3  vào dung dịch HCl', 0),
(562, 204, 'Cho Fe vào dung dịch HNO3 loãng, dư', 0),
(563, 204, 'Đốt cháy Fe trong Cl2 dư', 0),
(564, 204, 'Cho Fe vào dung dịch H2SO4 loãng', 1),
(565, 205, 'Nhúng thanh Zn vào dung dịch H2SO4 loãng', 1),
(566, 205, 'Nhúng thanh Zn vào dung dịch gồm CuSO4 và H2SO4 loãng', 0),
(567, 205, 'Nhúng đinh sắt (làm bằng thép cacbon) vào dung dịch H2SO4 loãng', 0),
(568, 205, 'Để đinh sắt (làm bằng thép cacbon) trong không khí ẩm', 0),
(569, 206, 'Tơ tằm thuộc loại tơ thiên nhiên', 0),
(570, 206, 'Tơ nilon-6,6 được điều chế bằng phản ứng trùng ngưng', 0),
(571, 206, 'Tơ nitron được điều chế bằng phản ứng trùng ngưng', 1),
(572, 206, 'Cao su lưu hóa có cấu trúc mạch không gian', 0),
(573, 207, 'CH3COOC2H5', 0),
(574, 207, 'HCOOCH3', 1),
(575, 207, 'HCOOC2H5', 0),
(576, 207, 'HCOOC3H7', 0),
(577, 208, '0,08', 0),
(578, 208, '0,10', 0),
(579, 208, '0,04', 1),
(580, 208, '0,06', 0),
(581, 209, 'Tên gọi của Z là natri acrylat', 1),
(582, 209, 'Axit cacboxylic của muối Z có đông phân hình học', 0),
(583, 209, 'Phân tử X chỉ chứa một loại nhóm chức', 0),
(584, 209, 'Có hai công thức cấu tạo thỏa mãn tính chất của X', 0),
(585, 210, '0,12', 1),
(586, 210, '0,10', 0),
(587, 210, '0,04', 0),
(588, 210, '0,06', 0),
(589, 211, '5,4 và 1,56', 0),
(590, 211, '2,7 và 4,68', 0),
(591, 211, '5,4 và 4,68', 0),
(592, 211, '2,7 và 1,56', 1),
(593, 212, '9,85', 1),
(594, 212, '15,76', 0),
(595, 212, '29,55', 0),
(596, 212, '19,70', 0),
(597, 213, '2', 0),
(598, 213, '3', 0),
(599, 213, '5', 1),
(600, 213, '4', 0),
(601, 214, '3', 0),
(602, 214, '4', 1),
(603, 214, '5', 0),
(604, 214, '2', 0),
(605, 215, 'NaHCO3, Ca(OH)2', 0),
(606, 215, 'NaOH, Na2CO3', 1),
(607, 215, 'Na2CO3, NaOH', 0),
(608, 215, 'Ca(OH)2, NaHCO3', 0),
(609, 216, '0,04', 0),
(610, 216, '0,06', 0),
(611, 216, '0,05', 0),
(612, 216, '0,03', 1),
(613, 217, '68,74', 0),
(614, 217, '59,02', 1),
(615, 217, '64,96', 0),
(616, 217, '63,88', 0),
(617, 218, '5', 0),
(618, 218, '8', 0),
(619, 218, '6', 1),
(620, 218, '7', 0),
(621, 219, '49', 1),
(622, 219, '77', 0),
(623, 219, '52', 0),
(624, 219, '22', 0),
(625, 220, '17,84', 0),
(626, 220, '11,08', 0),
(627, 220, '13,42', 0),
(628, 220, '15,76', 1),
(629, 221, '29,63%', 0),
(630, 221, '30,30%', 0),
(631, 221, '62,28%', 0),
(632, 221, '40,40%.', 1),
(633, 222, '4', 1),
(634, 222, '5', 0),
(635, 222, '2', 0),
(636, 222, '3', 0),
(637, 223, '4,17 và 10%', 1),
(638, 223, '13,90 và 27%', 0),
(639, 223, '13,90 và 73%', 0),
(640, 223, '4,17 và 5%.', 0),
(641, 224, 'Flo', 1),
(642, 224, 'Lưu huỳnh', 0),
(643, 224, 'Photpho', 0),
(644, 224, 'Nitơ', 0),
(645, 225, 'Phèn chua', 1),
(646, 225, 'Vôi sống', 0),
(647, 225, 'Thạch cao', 0),
(648, 225, 'Muối ăn', 0),
(649, 226, 'FeCl2', 0),
(650, 226, 'Fe(OH)3', 0),
(651, 226, 'FeSO4', 1),
(652, 226, 'Fe2O3', 0),
(653, 227, 'Tơ tằm', 0),
(654, 227, 'Tơ visco', 0),
(655, 227, 'Tơ xenlulozơ axetat', 0),
(656, 227, 'Tơ nilon-6,6', 1),
(657, 228, 'K', 0),
(658, 228, 'Na', 0),
(659, 228, 'Fe', 1),
(660, 228, 'Ca', 0),
(661, 229, 'CaCl2', 0),
(662, 229, 'CaCO3', 1),
(663, 229, 'Na2CO3', 0),
(664, 229, 'CaO', 0),
(665, 230, 'Saccarozơ', 0),
(666, 230, 'Xenlulozơ', 0),
(667, 230, 'Glucozơ', 1),
(668, 230, 'Tinh bột', 0),
(669, 231, 'Nước', 0),
(670, 231, 'Dầu hỏa', 1),
(671, 231, 'Giấm ăn', 0),
(672, 231, 'Ancol etylic', 0),
(673, 232, 'NaNO3', 0),
(674, 232, 'NaCl', 0),
(675, 232, 'HCl', 1),
(676, 232, 'Na2SO4', 0),
(677, 233, 'Na2CO3', 0),
(678, 233, 'Al(OH)3', 1),
(679, 233, 'AlCl3', 0),
(680, 233, 'NaNO3', 0),
(681, 234, 'Ag', 1),
(682, 234, 'Na', 0),
(683, 234, 'Al', 0),
(684, 234, 'Fe', 0),
(685, 235, 'C2H5COOH', 0),
(686, 235, 'CH3COOH', 0),
(687, 235, 'C17H35COOH', 1),
(688, 235, 'HCOOH', 0),
(689, 236, 'CH3COOC2H5', 1),
(690, 236, 'CH3COOC3H7', 0),
(691, 236, 'C2H5COOCH3', 0),
(692, 236, 'HCOOCH3', 0),
(693, 237, 'Nhúng thanh Zn vào dung dịch CuSO4', 0),
(694, 237, 'Nhúng thanh Fe vào dung dịch CuSO4 và H2SO4 loãng', 0),
(695, 237, 'Nhúng thanh Cu vào dung dịch Fe2(SO4)3', 1),
(696, 237, 'Nhúng thanh Cu vào dung dịch AgNO3', 0),
(697, 238, '3,36 ', 0),
(698, 238, '1,12', 1),
(699, 238, '6,72', 0),
(700, 238, '4,48', 0),
(701, 239, 'Ancol etylic', 0),
(702, 239, 'Anđehit axetic', 0),
(703, 239, 'Axit axetic', 1),
(704, 239, 'Phenol (C6H5OH).\n \n', 0),
(705, 240, 'Glucozơ và saccarozơ', 0),
(706, 240, 'Saccarozơ và sobitol', 0),
(707, 240, 'Glucozơ và fructozơ', 0),
(708, 240, 'Saccarozơ và glucozơ', 1),
(709, 241, 'Đốt cháy Fe trong bình chứa Cl2 dư', 0),
(710, 241, 'Cho Fe(OH)2 vào dung dịch HCl.', 1),
(711, 241, 'Cho Fe2O3  vào dung dịch HCl.', 0),
(712, 241, 'Cho Fe vào dung dịch H2SO4 đặc, nóng, dư.', 0),
(713, 242, 'Poli(metyl metacrylat) được điều chế bằng phản ứng trùng hợp', 1),
(714, 242, 'Trùng hợp axit ε-amino caproic thu được policaproamit.', 0),
(715, 242, 'Poli(etylen terephtalat) được điều chế bằng phản ứng trùng hợp', 0),
(716, 242, 'Polietilen được điều chế bằng phản ứng trùng ngưng', 0),
(717, 243, '1,68', 0),
(718, 243, '2,80', 0),
(719, 243, '3,36', 1),
(720, 243, '0,84', 0),
(721, 244, 'Alanin là hợp chất có tính lưỡng tính', 1),
(722, 244, 'Gly-Ala có phản ứng màu biurê', 0),
(723, 244, 'Tripeptit mạch hở có ba liên kết peptit', 0),
(724, 244, 'Đimetylamin là amin bậc ba', 0),
(725, 245, '7', 0),
(726, 245, '11', 0),
(727, 245, '5', 0),
(728, 245, '9', 1),
(729, 246, '36,8', 1),
(730, 246, '18,4', 0),
(731, 246, '23,0', 0),
(732, 246, '46,0', 0),
(733, 247, 'AlCl3 và KOH', 0),
(734, 247, 'Na2S và FeCl2', 0),
(735, 247, 'NH4Cl và AgNO3', 0),
(736, 247, 'NaOH và NaAlO2', 1),
(737, 248, '0,09', 1),
(738, 248, '0,12', 0),
(739, 248, '0,15', 0),
(740, 248, '0,18', 0),
(741, 249, '0,045', 0),
(742, 249, '0,030', 1),
(743, 249, '0,010', 0),
(744, 249, '0,015', 0),
(745, 250, '0,05', 0),
(746, 250, '0,10', 1),
(747, 250, '0,15', 0),
(748, 250, '0,20', 0),
(749, 251, 'NaClO, H2SO4', 0),
(750, 251, 'Ca(HCO3)2, NaHSO4', 0),
(751, 251, 'Ca(HCO3)2, H2SO4', 0),
(752, 251, 'NaClO, NaHSO4', 1),
(753, 252, 'Phân tử khối của X4 là 60', 0),
(754, 252, 'X5 là hợp chất hữu cơ tạp chức', 0),
(755, 252, 'X6  là anđehit axetic', 0),
(756, 252, 'Phân tử X2 có hai nguyên tử oxi', 1),
(757, 253, '5', 0),
(758, 253, '3', 1),
(759, 253, '2', 0),
(760, 253, '4', 0),
(761, 254, '2', 0),
(762, 254, '5', 1),
(763, 254, '4', 0),
(764, 254, '3', 0),
(765, 255, '6,69', 0),
(766, 255, '6,15', 1),
(767, 255, '9,80', 0),
(768, 255, '11,15', 0),
(769, 256, '50,34%', 1),
(770, 256, '60,40%.', 0),
(771, 256, '44,30%.', 0),
(772, 256, '74,50%', 0),
(773, 257, '23,64', 0),
(774, 257, '16,62', 1),
(775, 257, '20,13', 0),
(776, 257, '26,22', 0),
(777, 258, '4,66', 1),
(778, 258, '5,34', 0),
(779, 258, '5,61', 0),
(780, 258, '5,44', 0),
(781, 259, '40,10%.', 0),
(782, 259, '58,82%.', 0),
(783, 259, '41,67%.', 0),
(784, 259, '68,96%.', 1),
(785, 260, '3', 0),
(786, 260, '4', 1),
(787, 260, '5', 0),
(788, 260, '2', 0),
(789, 261, '52,61%.', 1),
(790, 261, '47,37%.', 0),
(791, 261, '44,63%.', 0),
(792, 261, '49,85%.', 0),
(793, 262, '9', 0),
(794, 262, '12', 0),
(795, 262, '5', 1),
(796, 262, '6', 0),
(797, 263, '5,56 và 6%.', 0),
(798, 263, '11,12 và 56%.', 0),
(799, 263, '11,12 và 44%.', 1),
(800, 263, '5,56 và 12%.', 0),
(801, 264, 'HCl', 0),
(802, 264, 'AgNO3', 0),
(803, 264, 'CuSO4', 0),
(804, 264, 'NaNO3', 1),
(805, 265, 'CrCl3', 0),
(806, 265, 'NaOH', 0),
(807, 265, 'KOH', 0),
(808, 265, 'Cr(OH)3.\n \n', 1),
(809, 266, 'polipropilen', 1),
(810, 266, ' polietilen', 0),
(811, 266, 'polistiren', 0),
(812, 266, 'poli(vinyl clorua).', 0),
(813, 267, 'Metan', 0),
(814, 267, 'Etilen', 0),
(815, 267, 'Benzen.', 0),
(816, 267, 'Propin', 1),
(817, 268, 'Na', 0),
(818, 268, 'Li', 0),
(819, 268, 'Hg', 1),
(820, 268, 'K\n \n', 0),
(821, 269, 'màu đỏ', 0),
(822, 269, 'màu vàng\r\n', 0),
(823, 269, 'màu xanh', 1),
(824, 269, 'màu hồng', 0),
(825, 270, 'HCl', 1),
(826, 270, 'KCl', 0),
(827, 270, 'KNO3', 0),
(828, 270, 'NaCl', 0),
(829, 271, 'Al', 1),
(830, 271, 'Ag', 0),
(831, 271, 'Fe', 0),
(832, 271, 'Cu', 0),
(833, 272, 'CuSO4', 0),
(834, 272, 'Na2CO3', 0),
(835, 272, 'NaH2PO4', 1),
(836, 272, 'NaNO3', 0),
(837, 273, 'C2H4O', 0),
(838, 273, 'C2H4O2', 0),
(839, 273, 'C2H6O', 1),
(840, 273, 'C2H6', 0),
(841, 274, 'C6H12O6', 1),
(842, 274, '(C6H10O5)n', 0),
(843, 274, 'C2H4O2', 0),
(844, 274, 'C12H22O11', 0),
(845, 275, 'N2', 0),
(846, 275, 'CO', 1),
(847, 275, 'He', 0),
(848, 275, 'H2', 0),
(849, 276, '5,0', 1),
(850, 276, '10,0', 0),
(851, 276, '7,2', 0),
(852, 276, '15,0', 0),
(853, 277, '2,7 gam', 0),
(854, 277, '5,1 gam\r\n', 1),
(855, 277, '5,4 gam', 0),
(856, 277, '10,2 gam', 0),
(857, 278, 'NaCl và Al(NO3)3', 0),
(858, 278, 'NaOH và MgSO4', 0),
(859, 278, 'K2CO3 và HNO3', 0),
(860, 278, 'NH4Cl và KOH', 1),
(861, 279, '4', 1),
(862, 279, '3', 0),
(863, 279, '2', 0),
(864, 279, '1', 0),
(865, 280, 'HCOOC2H5', 0),
(866, 280, 'CH3COOC2H5', 0),
(867, 280, 'C2H5COOCH3', 1),
(868, 280, 'CH3COOCH3', 0),
(869, 281, '320', 0),
(870, 281, '720', 0),
(871, 281, '480', 0),
(872, 281, '329', 1),
(873, 282, '0,54', 1),
(874, 282, '1,08', 0),
(875, 282, '2,16', 0),
(876, 282, '1,62', 0),
(877, 283, '1 và 3', 0),
(878, 283, '3 và 4', 1),
(879, 283, '5 và 6', 0),
(880, 283, '1 và 2', 0),
(881, 284, '0,15', 0),
(882, 284, '0,20', 1),
(883, 284, '0,25', 0),
(884, 284, '0,10', 0),
(885, 285, '4', 0),
(886, 285, '3', 0),
(887, 285, '5', 0),
(888, 285, '2', 1),
(889, 286, 'AlCl3, Al2(SO4)3.', 0),
(890, 286, 'Al(NO3)3, Al2(SO4)3', 0),
(891, 286, 'Al(NO3)3, Al(OH)3', 0),
(892, 286, 'AlCl3, Al(NO3)3', 1),
(893, 287, '0,04', 0),
(894, 287, '0,08', 0),
(895, 287, '0,20', 1),
(896, 287, '0,16', 0),
(897, 288, '4', 0),
(898, 288, '2', 0),
(899, 288, '5', 1),
(900, 288, '3', 0),
(901, 289, '3', 0),
(902, 289, '2', 0),
(903, 289, '4', 0),
(904, 289, '5', 1),
(905, 290, '4', 0),
(906, 290, '2', 0),
(907, 290, '5', 0),
(908, 290, '3', 1),
(909, 291, '34,09%.', 0),
(910, 291, '25,57%.', 1),
(911, 291, '38,35%.', 0),
(912, 291, '29,83%.', 0),
(913, 292, '13,60', 0),
(914, 292, '8,16', 1),
(915, 292, '16,32', 0),
(916, 292, '20,40', 0),
(917, 293, '0,01', 0),
(918, 293, '0,02', 0),
(919, 293, '0,03', 1),
(920, 293, '0,04', 0),
(921, 294, '7,28', 1),
(922, 294, '8,04', 0),
(923, 294, '6,96', 0),
(924, 294, '6,80', 0),
(925, 295, '8,70%', 0),
(926, 295, '4,19%.', 0),
(927, 295, '14,14%.', 0),
(928, 295, '10,60%.', 1),
(929, 296, '16,8', 1),
(930, 296, '14,0', 0),
(931, 296, '11,2', 0),
(932, 296, '10,0', 0),
(933, 297, '13,20', 0),
(934, 297, '20,60', 0),
(935, 297, '12,36', 0),
(936, 297, '10,68', 1),
(937, 298, '3912', 0),
(938, 298, '3600', 0),
(939, 298, '3090', 1),
(940, 298, '4422', 0),
(941, 299, 'Benzen', 0),
(942, 299, 'Etilen', 1),
(943, 299, 'Metan', 0),
(944, 299, 'Butan', 0),
(945, 300, 'KNO3', 0),
(946, 300, 'NaHSO4', 1),
(947, 300, 'NaCl', 0),
(948, 300, 'Na2SO4', 0),
(949, 301, 'màu vàng', 0),
(950, 301, 'màu cam\r\n', 0),
(951, 301, 'màu hồng', 1),
(952, 301, 'màu xanh', 0),
(953, 302, 'FeCl2', 1),
(954, 302, 'CuSO4', 0),
(955, 302, 'MgCl2', 0),
(956, 302, 'KNO3', 0),
(957, 303, 'polietilen', 1),
(958, 303, 'polistiren', 0),
(959, 303, 'polipropilen', 0),
(960, 303, 'poli(vinyl clorua).\n \n', 0),
(961, 304, 'C2H4', 0),
(962, 304, 'HCl', 1),
(963, 304, 'CO2', 0),
(964, 304, 'CH4', 0),
(965, 305, 'C2H4O2', 0),
(966, 305, '(C6H10O5)n', 0),
(967, 305, 'C12H22O11', 0),
(968, 305, 'C6H12O6', 1),
(969, 306, 'FeCl2.', 0),
(970, 306, 'NaCl', 0),
(971, 306, 'MgCl2', 0),
(972, 306, 'CuCl2', 1),
(973, 307, 'Cu', 0),
(974, 307, 'Ag', 1),
(975, 307, 'Au', 0),
(976, 307, 'Al', 0),
(977, 308, 'HCHO', 0),
(978, 308, 'C2H4(OH)2', 0),
(979, 308, 'CH2=CH-CH2-OH', 0),
(980, 308, 'C2H5-OH', 1),
(981, 309, 'Cr(OH)3', 0),
(982, 309, 'Na2CrO4', 1),
(983, 309, 'Cr2O3', 0),
(984, 309, 'NaCrO2', 0),
(985, 310, 'HNO3 loãng', 0),
(986, 310, 'HCl đặc', 0),
(987, 310, 'NaOH đặc', 0),
(988, 310, 'HNO3 đặc, nguội', 1),
(989, 311, '40,6', 0),
(990, 311, '40,2', 1),
(991, 311, '42,5', 0),
(992, 311, '48,6', 0),
(993, 312, '8', 0),
(994, 312, '12', 0),
(995, 312, '10', 1),
(996, 312, '5', 0),
(997, 313, '3', 0),
(998, 313, '2', 0),
(999, 313, '4', 0),
(1000, 313, '1', 1),
(1001, 314, '4', 1),
(1002, 314, '1', 0),
(1003, 314, '2', 0),
(1004, 314, '3', 0),
(1005, 315, '0,112', 0),
(1006, 315, '0,224', 0),
(1007, 315, '0,448', 1),
(1008, 315, '0,896', 0),
(1009, 316, '3,24', 0),
(1010, 316, '1,08', 0),
(1011, 316, '2,16', 1),
(1012, 316, '4,32', 0),
(1013, 317, 'C2H5COOCH3', 0),
(1014, 317, 'C2H5COOC2H5', 0),
(1015, 317, 'CH3COOCH3', 1),
(1016, 317, 'CH3COOC2H5', 0),
(1017, 318, '0,25', 0),
(1018, 318, '0,20', 0),
(1019, 318, '0,10', 0),
(1020, 318, '0,15', 1),
(1021, 319, '5', 0),
(1022, 319, '4', 0),
(1023, 319, '3', 0),
(1024, 319, '6', 1),
(1025, 320, '25,86', 1),
(1026, 320, '26,40', 0),
(1027, 320, '27,70', 0),
(1028, 320, '27,30', 0),
(1029, 321, '2 và 5', 0),
(1030, 321, '2 và 3', 0),
(1031, 321, '2 và 1', 0),
(1032, 321, '1 và 2', 1),
(1033, 322, '3', 1),
(1034, 322, '6', 0),
(1035, 322, '4', 0),
(1036, 322, '5', 0),
(1037, 323, '5', 0),
(1038, 323, '4', 1),
(1039, 323, '6', 0),
(1040, 323, '3', 0),
(1041, 324, '6', 0),
(1042, 324, '4', 0),
(1043, 324, '5', 0),
(1044, 324, '3', 1),
(1045, 325, '3', 0),
(1046, 325, '4', 0),
(1047, 325, '1', 1),
(1048, 325, '2', 0),
(1049, 326, '1536', 0),
(1050, 326, '1680', 1),
(1051, 326, '1344', 0),
(1052, 326, '2016', 0),
(1053, 327, '190', 1),
(1054, 327, '100', 0),
(1055, 327, '120', 0),
(1056, 327, '240', 0),
(1057, 328, '6,48 gam', 1),
(1058, 328, '4,86 gam.\r\n', 0),
(1059, 328, '2,68 gam.\r\n', 0),
(1060, 328, '3,24 gam.\r\n', 0),
(1061, 329, '9,44', 0),
(1062, 329, '11,32', 1),
(1063, 329, '10,76', 0),
(1064, 329, '11,60', 0),
(1065, 330, '5790', 1),
(1066, 330, '8685', 0),
(1067, 330, '9650', 0),
(1068, 330, '6755', 0),
(1069, 331, '29,59%.', 0),
(1070, 331, '36,99%.', 0),
(1071, 331, '44,39%.', 1),
(1072, 331, '14,80%.', 0),
(1073, 332, '18,90%.', 1),
(1074, 332, '2,17%.', 0),
(1075, 332, '1,30%.', 0),
(1076, 332, '3,26%.', 0),
(1077, 333, '42,33%.', 1),
(1078, 333, '37,78%.', 0),
(1079, 333, '29,87%.', 0),
(1080, 333, '33,12%.', 0),
(1081, 334, 'Propyl axetat.', 0),
(1082, 334, 'Metyl propionat', 0),
(1083, 334, 'Metyl axetat', 0),
(1084, 334, 'Etyl axetat. ', 1),
(1085, 335, 'NaNO3', 1),
(1086, 335, 'NaCl', 0),
(1087, 335, 'HCl', 0),
(1088, 335, 'KOH ', 0),
(1089, 336, 'CH3COOC2H5', 0),
(1090, 336, 'CH3COOC2H3', 0),
(1091, 336, 'HCOOCH3. ', 0),
(1092, 336, 'CH3COOCH3. ', 1),
(1093, 337, 'Tinh bột', 0),
(1094, 337, 'Xenlulozơ. ', 0),
(1095, 337, 'Sacacrozơ', 1),
(1096, 337, 'Glucozơ. ', 0),
(1097, 338, 'Amilozơ', 0),
(1098, 338, 'Xenlulozơ. ', 0),
(1099, 338, 'Fructozơ.', 1),
(1100, 338, 'Saccarozơ. ', 0),
(1101, 339, 'Đốt cháy glucozơ bằng O2, t0.', 0),
(1102, 339, 'Cho glucozơ tác dụng với Cu(OH)2/OH– ở nhiệt độ thường tạo dung dịch xanh lam', 0),
(1103, 339, 'Cho glucozơ tham gia phản ứng với dung dịch AgNO3/NH3, t0. ', 1),
(1104, 339, 'Cho glucozơ lên men trong điều kiện 35độ C – 40 độ C. ', 0),
(1105, 340, '32,4', 1),
(1106, 340, '64,8', 0),
(1107, 340, '72', 0),
(1108, 340, '36', 0),
(1109, 341, '60', 0),
(1110, 341, '93,6', 1),
(1111, 341, '59,2', 0),
(1112, 341, '71,2', 0),
(1113, 342, 'Ancol metylic', 0),
(1114, 342, 'Glixerol.', 1),
(1115, 342, 'Ancol etylic. ', 0),
(1116, 342, 'Etylen glicol. ', 0),
(1117, 343, 'HCOONH4.', 1),
(1118, 343, 'H2NCH2COOH. ', 0),
(1119, 343, 'CH3COOC2H5. ', 0),
(1120, 343, 'C2H5NH2.', 0),
(1121, 344, '3,4', 0),
(1122, 344, '4,8', 1),
(1123, 344, '3,2', 0),
(1124, 344, '5,6', 0),
(1125, 345, 'Metylamin.', 0),
(1126, 345, 'Glyxin', 1),
(1127, 345, 'Anilin.', 0),
(1128, 345, 'Glucozơ. ', 0),
(1129, 346, '[C6H7O2(OH)3]n.', 1),
(1130, 346, '[C6H8O2(OH)3]n.  ', 0),
(1131, 346, '[C6H7O3(OH)3]n. ', 0),
(1132, 346, '[C6H5O2(OH)3]n. ', 0),
(1133, 347, 'Este.', 1),
(1134, 347, 'Tinh bột. ', 0),
(1135, 347, 'Amin.', 0),
(1136, 347, 'Chất béo. ', 0),
(1137, 348, '80%.', 0),
(1138, 348, '75%. ', 0),
(1139, 348, '0.6', 1),
(1140, 348, '0.5', 0),
(1141, 349, 'HCOO–CH=CH–CH3. ', 1),
(1142, 349, 'HCOO–C(CH3)=CH2', 0),
(1143, 349, 'CH2=CHCOO–CH3. ', 0),
(1144, 349, 'CH3COO–CH=CH2. ', 0),
(1145, 350, 'Anilin.', 0),
(1146, 350, 'Glyxin. ', 0),
(1147, 350, 'Metyl axetat. ', 0),
(1148, 350, 'Fructozơ. ', 1),
(1149, 351, '2', 0),
(1150, 351, '4', 1),
(1151, 351, '3', 0),
(1152, 351, '5', 0),
(1153, 352, 'ClH3NCH2COOH và ClH3NCH2COONa', 1),
(1154, 352, 'ClH3NCH2COOH và H2NCH2COONa. ', 0),
(1155, 352, 'Đều là ClH3NCH2COONa', 0),
(1156, 352, 'ClH3NCH2COONa và H2NCH2COONa', 0),
(1157, 353, 'NH3 < C6H5NH2 < CH3NH2 < CH3CH2NH2.', 0),
(1158, 353, 'C6H5NH2 < NH3 < CH3CH2NH2 < CH3NH2. ', 1),
(1159, 353, 'NH3 < CH3CH2NH2 < CH3NH2 < C6H5NH2.  ', 0),
(1160, 353, 'C6H5NH2 < NH3 < CH3NH2 < CH3CH2NH2. ', 0),
(1161, 354, '4', 1),
(1162, 354, '6', 0),
(1163, 354, '3', 0),
(1164, 354, '2', 0),
(1165, 355, '324 gam', 0),
(1166, 355, '720 gam', 0),
(1167, 355, '648 gam', 0),
(1168, 355, '360 gam', 1),
(1169, 356, '7', 0),
(1170, 356, '11', 0),
(1171, 356, '5', 0),
(1172, 356, '9', 1),
(1173, 357, '85', 0),
(1174, 357, '89', 0),
(1175, 357, '93', 0),
(1176, 357, '101', 1),
(1177, 358, 'Glucozơ, glixerol, saccarozơ, axit axetic.', 0),
(1178, 358, 'Glucozơ, glixerol, anđehit fomic, natri axetat. ', 1),
(1179, 358, 'Glucozơ, glixerol, saccarozơ, ancol etylic. ', 0),
(1180, 358, 'Glucozơ, glixerol, saccarozơ, natri axetat', 0),
(1181, 359, 'CH3–NH–CH3.', 1),
(1182, 359, 'CH3–NH–C2H5. ', 0),
(1183, 359, 'CH3–NH–C3H7.  ', 0),
(1184, 359, 'CH3–CH2–CH2–NH2. ', 0),
(1185, 360, 'Ở nhiệt độ thường, anilin là chất lỏng, tan ít trong nước.', 0),
(1186, 360, 'Dung dịch glyxin không làm đổi màu quỳ tím. ', 0),
(1187, 360, 'Amin là hợp chất hữu cơ tạp chức. ', 1),
(1188, 360, 'Amino axit thiên nhiên hầu hết là α–amino axit', 0),
(1189, 361, '400 ml', 0),
(1190, 361, '150 ml', 0),
(1191, 361, '300 ml', 0),
(1192, 361, '200 ml', 1),
(1193, 362, '0,3', 0),
(1194, 362, '0,6', 0),
(1195, 362, '1,8', 1),
(1196, 362, '0,9', 0),
(1197, 363, '44 gam', 0),
(1198, 363, '43,8 gam', 1),
(1199, 363, '36,7 gam', 0),
(1200, 363, '36,5 gam', 0),
(1201, 364, '6,57', 1),
(1202, 364, '4,38', 0),
(1203, 364, '10,95', 0),
(1204, 364, '6,39', 0),
(1205, 365, 'Thủy phân este etyl axetat trong môi trường kiềm thu được ancol etylic.', 0),
(1206, 365, 'Triolein phản ứng được với nước brom. ', 0),
(1207, 365, 'Este etyl fomat có tham gia phản ứng tráng bạc. ', 1),
(1208, 365, 'Ở điều kiện thường, tristearin là chất lỏng', 0),
(1209, 366, '12,0', 0),
(1210, 366, '20,5', 1),
(1211, 366, '15,0', 0),
(1212, 366, '10,0', 0),
(1213, 367, '15,12', 0),
(1214, 367, '6,72', 0),
(1215, 367, '4,48', 0),
(1216, 367, '8,96', 1),
(1217, 368, 'C15H31COOC3H5(OH)2 + H2O.', 0),
(1218, 368, 'CH3COOCH2CH=CH2 + NaOH. ', 1),
(1219, 368, 'CH3COOC6H5 + KOH. ', 0),
(1220, 368, 'CH2=CHCOOCH3 + NaOH', 0),
(1221, 369, 'Các chất NaOH, C2H5OH, HCl có phản ứng với anilin.', 0),
(1222, 369, 'Nhỏ nước brom vào dung dịch anilin thấy xuất hiện kết tủa màu vàng. ', 0),
(1223, 369, 'Hợp chất C2H7N có 1 đồng phân amin. ', 1),
(1224, 369, 'Số nguyên tử H trong amin no đơn chức mạch hở luôn là số lẻ. ', 0),
(1225, 370, 'Glucozơ và saccarozơ đều có phản ứng tráng gương.', 0),
(1226, 370, 'Trong dung dịch, glucozơ và fructozơ đều hoà tan được Cu(OH)2 ở nhiệt độ thường. ', 1),
(1227, 370, 'Xenlulozơ trinitrat được dùng làm thuốc súng không khói. ', 0),
(1228, 370, 'Glucozơ và saccarozơ đều là cacbohiđrat. ', 0),
(1229, 371, '3', 0),
(1230, 371, '5', 1),
(1231, 371, '6', 0),
(1232, 371, '4', 0),
(1233, 372, '2,34', 0),
(1234, 372, '2,70', 1),
(1235, 372, '3,24', 0),
(1236, 372, '3,65', 0),
(1237, 373, 'H2SO4 đặc có vai trò vừa làm chất xúc tác vừa làm tăng hiệu suất tạo sản phẩm', 0),
(1238, 373, 'Ở bước 2, thấy có hơi mùi thơm bay ra. ', 0),
(1239, 373, 'Mục đích chính của việc thêm dung dịch NaCl bão hòa là để tách lớp este tạo thành nổi lên trên. ', 0),
(1240, 373, 'Sau bước 2, trong ống nghiệm không còn C2H5OH và CH3COOH. ', 1),
(1241, 374, 'KCl', 0),
(1242, 374, 'MgCl2.', 0),
(1243, 374, 'NaCl.', 1),
(1244, 374, 'CaCl2.', 0),
(1245, 375, '3', 0),
(1246, 375, '4', 0),
(1247, 375, '2', 1),
(1248, 375, '1', 0),
(1249, 376, '(C17H33COO)3C3H5.', 0),
(1250, 376, '(C17H35COO)3C3H5.', 1),
(1251, 376, '(C17H31COO)3C3H5.', 0),
(1252, 376, '(C15H31COO)3C3H5.', 0),
(1253, 377, 'C6H5NH2', 1),
(1254, 377, '(CH3)2NH.', 0),
(1255, 377, 'C6H5CH2NH2.', 0),
(1256, 377, 'CH3NH2.', 0),
(1257, 378, 'HCOOCH3.', 1),
(1258, 378, 'CH3-CH2-CH2OH.', 0),
(1259, 378, 'CH3COOCH3.', 0),
(1260, 378, 'CH3COOH.', 0),
(1261, 379, 'H2SO4 đặc, nguội.', 1),
(1262, 379, 'HCl loãng, nguội.', 0),
(1263, 379, 'HCl đặc, nguội.', 0),
(1264, 379, 'H2SO4 loãng, nguội.', 0),
(1265, 380, 'HCOOCH2-CH=CH2.', 0),
(1266, 380, 'HCOOCH=CH-CH3.', 1),
(1267, 380, 'CH3COOCH=CH2.', 0),
(1268, 380, 'HCOOC(CH3)=CH2.', 0),
(1269, 381, 'Fe3+.', 0),
(1270, 381, 'Zn2+.', 1),
(1271, 381, 'Cu2+.', 0),
(1272, 381, 'Fe2+.', 0),
(1273, 382, 'Sắt bị nhiễm từ.', 0),
(1274, 382, 'Sắt có màu trắng hơi xám.', 0),
(1275, 382, 'Sắt dẫn được nhiệt và điện.', 0),
(1276, 382, 'Sắt là kim loại nhẹ.', 1),
(1277, 383, 'Nilon-6.', 1),
(1278, 383, 'Polibutađien', 0),
(1279, 383, 'Poli (metyl metacrylat).', 0),
(1280, 383, 'Polietilen.', 0),
(1281, 384, 'Cu(OH)2/NaOH đun nóng.', 0),
(1282, 384, 'Cu(OH)2/NaOH ở nhiệt độ thường', 1),
(1283, 384, 'H2 (Ni, t°).', 0),
(1284, 384, 'AgNO3/NH3, đun nóng.', 0),
(1285, 385, 'X có thể không chứa kim loại.', 0),
(1286, 385, 'Y có thể chứa 2 muối.', 0),
(1287, 385, 'X có thể chứa kim loại.', 0),
(1288, 385, 'X có thể chứa 2 muối.', 1),
(1289, 386, 'Vinylaxetilen.', 0),
(1290, 386, 'Etilen.', 0),
(1291, 386, 'Toluen.', 1),
(1292, 386, 'Metan.', 0),
(1293, 387, '2', 0),
(1294, 387, '1', 0),
(1295, 387, '3', 1),
(1296, 387, '4', 0),
(1297, 388, 'C4H8O2.', 0),
(1298, 388, 'C3H6O2.', 1),
(1299, 388, 'C5H8O2.', 0),
(1300, 388, 'C2H4O2.', 0),
(1301, 389, 'Tinh bột có trong tế bào thực vật.', 0),
(1302, 389, 'Có thể nhận biết hồ tinh bột bằng iot.', 0),
(1303, 389, 'Tinh bột là hợp chất có mạch không phân nhánh.', 1),
(1304, 389, 'Tinh bột là hợp chất cao phân tử thiên nhiên.', 0),
(1305, 390, 'Fe', 0),
(1306, 390, 'Zn', 0),
(1307, 390, 'Al', 0),
(1308, 390, 'Cu', 1),
(1309, 391, 'Thủy phân saccarozơ trong môi trường axit chỉ thu được glucozơ.', 0),
(1310, 391, 'Glucozơ vừa có tính khử vừa có tính oxi hóa.', 1),
(1311, 391, 'Tinh bột và xenlulozơ là đồng phân của nhau.', 0),
(1312, 391, 'Xenlulozơ không tan trong dung dịch HNO3/H2SO4 đặc.', 0),
(1313, 392, 'nâu đỏ.', 1),
(1314, 392, 'trắng xanh.', 0),
(1315, 392, 'đen', 0),
(1316, 392, 'vàng', 0),
(1317, 393, '5', 1),
(1318, 393, '4', 0),
(1319, 393, '3', 0),
(1320, 393, '6', 0),
(1321, 394, 'NaOH ', 0),
(1322, 394, 'NaO2', 0),
(1323, 394, 'Na2O2', 1),
(1324, 394, 'Na2O', 0),
(1325, 395, 'Na3PO4.', 0),
(1326, 395, 'HCL', 0),
(1327, 395, 'NaOH', 1),
(1328, 395, 'Na2CO3', 0),
(1329, 396, '1', 0),
(1330, 396, '2', 0),
(1331, 396, '3', 0),
(1332, 396, '4', 1),
(1333, 397, '3', 0),
(1334, 397, '4', 0),
(1335, 397, '2', 1),
(1336, 397, '5', 0),
(1337, 398, '2,24 lit', 0),
(1338, 398, '1,12 lit', 0),
(1339, 398, '1,008 lit', 0),
(1340, 398, '0,84 lit', 1),
(1341, 399, '17,80 gam', 1),
(1342, 399, '18,83 gam', 0),
(1343, 399, '16,68 gam', 0),
(1344, 399, '18,24 gam', 0),
(1345, 400, '2', 0),
(1346, 400, '4', 0),
(1347, 400, '6', 0),
(1348, 400, '8', 1),
(1349, 401, '35,575 gam', 1),
(1350, 401, '30,950 gam', 0),
(1351, 401, '27,615 gam', 0),
(1352, 401, '16,925 gam', 0),
(1353, 402, '5', 0),
(1354, 402, '3', 1),
(1355, 402, '2', 0),
(1356, 402, '6', 0),
(1357, 403, '18,2 gam', 0),
(1358, 403, '29,6 gam', 1),
(1359, 403, '30,4 gam', 0),
(1360, 403, '27,5 gam', 0),
(1361, 404, '14,4g', 0),
(1362, 404, '16,2g', 0),
(1363, 404, '21,0g', 1),
(1364, 404, '14g', 0),
(1365, 405, '28,5', 0),
(1366, 405, '29', 0),
(1367, 405, '28', 1),
(1368, 405, '29,5', 0),
(1369, 406, '2', 0),
(1370, 406, '4', 1),
(1371, 406, '1', 0),
(1372, 406, '3', 0),
(1373, 407, '37,38g', 1),
(1374, 407, '32,41g', 0),
(1375, 407, '37,94g', 0),
(1376, 407, '32,68g', 0),
(1377, 408, '3', 0),
(1378, 408, '4', 0),
(1379, 408, '5', 0),
(1380, 408, '2', 1),
(1381, 409, '2', 0),
(1382, 409, '1', 1),
(1383, 409, '3', 0),
(1384, 409, '4', 0),
(1385, 410, '1', 0),
(1386, 410, '3', 1),
(1387, 410, '2', 0),
(1388, 410, '4', 0),
(1389, 411, '0.45', 0),
(1390, 411, '0.65', 0),
(1391, 411, '0.55', 0),
(1392, 411, '0.35', 1),
(1393, NULL, NULL, NULL);

-- --------------------------------------------------------

--
-- Table structure for table `diem`
--

CREATE TABLE `diem` (
  `IDMH` int(11) NOT NULL,
  `IDTK` int(11) NOT NULL,
  `Diem` float DEFAULT NULL
) ENGINE=InnoDB DEFAULT CHARSET=utf8 COLLATE=utf8_unicode_ci;

--
-- Dumping data for table `diem`
--

INSERT INTO `diem` (`IDMH`, `IDTK`, `Diem`) VALUES
(4, 3, 3.33333);

-- --------------------------------------------------------

--
-- Table structure for table `history`
--

CREATE TABLE `history` (
  `ID` int(11) NOT NULL,
  `IDMH` int(50) DEFAULT NULL,
  `IDTK` int(50) DEFAULT NULL,
  `IDCH` int(11) DEFAULT NULL,
  `IDDA` int(11) DEFAULT NULL
) ENGINE=InnoDB DEFAULT CHARSET=latin1;

--
-- Dumping data for table `history`
--

INSERT INTO `history` (`ID`, `IDMH`, `IDTK`, `IDCH`, `IDDA`) VALUES
(37, 4, 3, 155, 368),
(38, 4, 3, 64, 2),
(39, 4, 3, 191, 511),
(40, 4, 3, 198, 540),
(41, 4, 3, 68, 18),
(42, 4, 3, 347, NULL);

-- --------------------------------------------------------

--
-- Table structure for table `monhoc`
--

CREATE TABLE `monhoc` (
  `ID` int(11) NOT NULL,
  `TenMonHoc` varchar(30) COLLATE utf8_unicode_ci DEFAULT NULL,
  `SoCauTrongDe` int(11) DEFAULT NULL
) ENGINE=InnoDB DEFAULT CHARSET=utf8 COLLATE=utf8_unicode_ci;

--
-- Dumping data for table `monhoc`
--

INSERT INTO `monhoc` (`ID`, `TenMonHoc`, `SoCauTrongDe`) VALUES
(2, 'Toán Học', 50),
(3, 'Vật Lí', 40),
(4, 'Hóa Học', 40);

-- --------------------------------------------------------

--
-- Table structure for table `taikhoan`
--

CREATE TABLE `taikhoan` (
  `ID` int(11) NOT NULL,
  `TenTaiKhoan` varchar(30) COLLATE utf8_unicode_ci DEFAULT NULL,
  `MatKhau` varchar(20) COLLATE utf8_unicode_ci DEFAULT NULL,
  `Quyen` varchar(5) COLLATE utf8_unicode_ci DEFAULT NULL
) ENGINE=InnoDB DEFAULT CHARSET=utf8 COLLATE=utf8_unicode_ci;

--
-- Dumping data for table `taikhoan`
--

INSERT INTO `taikhoan` (`ID`, `TenTaiKhoan`, `MatKhau`, `Quyen`) VALUES
(1, 'Admin', '123456', 'admin'),
(2, 'hien', '123456', 'user'),
(3, 'tin', '123456', 'user'),
(4, 'tan', '1111514', 'user');

-- --------------------------------------------------------

--
-- Table structure for table `thoigian`
--

CREATE TABLE `thoigian` (
  `ID` int(11) NOT NULL,
  `IDMH` int(11) DEFAULT NULL,
  `thoigianbatdau` datetime DEFAULT NULL,
  `thoigianketthuc` datetime DEFAULT NULL
) ENGINE=InnoDB DEFAULT CHARSET=utf8 COLLATE=utf8_unicode_ci;

--
-- Dumping data for table `thoigian`
--

INSERT INTO `thoigian` (`ID`, `IDMH`, `thoigianbatdau`, `thoigianketthuc`) VALUES
(4, 2, '2020-11-22 13:53:35', '2020-11-22 15:53:44'),
(5, 4, '2020-11-28 18:57:37', '2020-11-28 22:57:44');

--
-- Indexes for dumped tables
--

--
-- Indexes for table `cauhoi`
--
ALTER TABLE `cauhoi`
  ADD PRIMARY KEY (`ID`),
  ADD KEY `IDMH` (`IDMH`),
  ADD KEY `DoKho` (`DoKho`);

--
-- Indexes for table `cautruc`
--
ALTER TABLE `cautruc`
  ADD PRIMARY KEY (`DoKho`,`NhomCH`),
  ADD KEY `IDMH` (`IDMH`);

--
-- Indexes for table `dapan`
--
ALTER TABLE `dapan`
  ADD PRIMARY KEY (`ID`),
  ADD KEY `IDCH` (`IDCH`);

--
-- Indexes for table `diem`
--
ALTER TABLE `diem`
  ADD PRIMARY KEY (`IDMH`,`IDTK`),
  ADD KEY `IDTK` (`IDTK`);

--
-- Indexes for table `history`
--
ALTER TABLE `history`
  ADD PRIMARY KEY (`ID`),
  ADD KEY `IDTK` (`IDTK`),
  ADD KEY `IDMH` (`IDMH`);

--
-- Indexes for table `monhoc`
--
ALTER TABLE `monhoc`
  ADD PRIMARY KEY (`ID`);

--
-- Indexes for table `taikhoan`
--
ALTER TABLE `taikhoan`
  ADD PRIMARY KEY (`ID`);

--
-- Indexes for table `thoigian`
--
ALTER TABLE `thoigian`
  ADD PRIMARY KEY (`ID`),
  ADD KEY `IDMH` (`IDMH`);

--
-- AUTO_INCREMENT for dumped tables
--

--
-- AUTO_INCREMENT for table `cauhoi`
--
ALTER TABLE `cauhoi`
  MODIFY `ID` int(11) NOT NULL AUTO_INCREMENT, AUTO_INCREMENT=412;

--
-- AUTO_INCREMENT for table `dapan`
--
ALTER TABLE `dapan`
  MODIFY `ID` int(11) NOT NULL AUTO_INCREMENT, AUTO_INCREMENT=1394;

--
-- AUTO_INCREMENT for table `history`
--
ALTER TABLE `history`
  MODIFY `ID` int(11) NOT NULL AUTO_INCREMENT, AUTO_INCREMENT=43;

--
-- AUTO_INCREMENT for table `monhoc`
--
ALTER TABLE `monhoc`
  MODIFY `ID` int(11) NOT NULL AUTO_INCREMENT, AUTO_INCREMENT=5;

--
-- AUTO_INCREMENT for table `taikhoan`
--
ALTER TABLE `taikhoan`
  MODIFY `ID` int(11) NOT NULL AUTO_INCREMENT, AUTO_INCREMENT=5;

--
-- AUTO_INCREMENT for table `thoigian`
--
ALTER TABLE `thoigian`
  MODIFY `ID` int(11) NOT NULL AUTO_INCREMENT, AUTO_INCREMENT=6;

--
-- Constraints for dumped tables
--

--
-- Constraints for table `cauhoi`
--
ALTER TABLE `cauhoi`
  ADD CONSTRAINT `cauhoi_ibfk_1` FOREIGN KEY (`DoKho`) REFERENCES `cautruc` (`DoKho`);

--
-- Constraints for table `cautruc`
--
ALTER TABLE `cautruc`
  ADD CONSTRAINT `cautruc_ibfk_1` FOREIGN KEY (`IDMH`) REFERENCES `monhoc` (`ID`);

--
-- Constraints for table `diem`
--
ALTER TABLE `diem`
  ADD CONSTRAINT `diem_ibfk_1` FOREIGN KEY (`IDMH`) REFERENCES `monhoc` (`ID`),
  ADD CONSTRAINT `diem_ibfk_2` FOREIGN KEY (`IDTK`) REFERENCES `taikhoan` (`ID`);

--
-- Constraints for table `history`
--
ALTER TABLE `history`
  ADD CONSTRAINT `history_ibfk_1` FOREIGN KEY (`IDTK`) REFERENCES `taikhoan` (`ID`),
  ADD CONSTRAINT `history_ibfk_2` FOREIGN KEY (`IDMH`) REFERENCES `monhoc` (`ID`);

--
-- Constraints for table `thoigian`
--
ALTER TABLE `thoigian`
  ADD CONSTRAINT `thoigian_ibfk_1` FOREIGN KEY (`IDMH`) REFERENCES `monhoc` (`ID`);
COMMIT;

/*!40101 SET CHARACTER_SET_CLIENT=@OLD_CHARACTER_SET_CLIENT */;
/*!40101 SET CHARACTER_SET_RESULTS=@OLD_CHARACTER_SET_RESULTS */;
/*!40101 SET COLLATION_CONNECTION=@OLD_COLLATION_CONNECTION */;
